start_time,away_team,away_team_score,home_team,home_team_score
2024-10-22 23:30:00+00:00,NEW YORK KNICKS,109,BOSTON CELTICS,132
2024-10-23 02:00:00+00:00,MINNESOTA TIMBERWOLVES,103,LOS ANGELES LAKERS,110
2024-10-23 23:00:00+00:00,INDIANA PACERS,115,DETROIT PISTONS,109
2024-10-23 23:30:00+00:00,BROOKLYN NETS,116,ATLANTA HAWKS,120
2024-10-23 23:30:00+00:00,ORLANDO MAGIC,116,MIAMI HEAT,97
2024-10-23 23:30:00+00:00,MILWAUKEE BUCKS,124,PHILADELPHIA 76ERS,109
2024-10-23 23:30:00+00:00,CLEVELAND CAVALIERS,136,TORONTO RAPTORS,106
2024-10-24 00:00:00+00:00,CHARLOTTE HORNETS,110,HOUSTON ROCKETS,105
2024-10-24 00:00:00+00:00,CHICAGO BULLS,111,NEW ORLEANS PELICANS,123
2024-10-24 01:00:00+00:00,MEMPHIS GRIZZLIES,126,UTAH JAZZ,124
2024-10-24 02:00:00+00:00,PHOENIX SUNS,116,LOS ANGELES CLIPPERS,113
2024-10-24 02:00:00+00:00,GOLDEN STATE WARRIORS,140,PORTLAND TRAIL BLAZERS,104
2024-10-24 23:00:00+00:00,BOSTON CELTICS,122,WASHINGTON WIZARDS,102
2024-10-24 23:30:00+00:00,SAN ANTONIO SPURS,109,DALLAS MAVERICKS,120
2024-10-25 02:00:00+00:00,MINNESOTA TIMBERWOLVES,117,SACRAMENTO KINGS,115
2024-10-25 02:00:00+00:00,OKLAHOMA CITY THUNDER,102,DENVER NUGGETS,87
2024-10-25 23:00:00+00:00,BROOKLYN NETS,101,ORLANDO MAGIC,116
2024-10-25 23:00:00+00:00,PHILADELPHIA 76ERS,107,TORONTO RAPTORS,115
2024-10-25 23:30:00+00:00,CHARLOTTE HORNETS,120,ATLANTA HAWKS,125
2024-10-25 23:30:00+00:00,DETROIT PISTONS,101,CLEVELAND CAVALIERS,113
2024-10-25 23:30:00+00:00,INDIANA PACERS,98,NEW YORK KNICKS,123
2024-10-26 00:00:00+00:00,MEMPHIS GRIZZLIES,108,HOUSTON ROCKETS,128
2024-10-26 00:00:00+00:00,CHICAGO BULLS,133,MILWAUKEE BUCKS,122
2024-10-26 01:30:00+00:00,GOLDEN STATE WARRIORS,127,UTAH JAZZ,86
2024-10-26 02:00:00+00:00,PHOENIX SUNS,116,LOS ANGELES LAKERS,123
2024-10-26 02:00:00+00:00,NEW ORLEANS PELICANS,105,PORTLAND TRAIL BLAZERS,103
2024-10-26 21:00:00+00:00,LOS ANGELES CLIPPERS,109,DENVER NUGGETS,104
2024-10-26 23:00:00+00:00,CLEVELAND CAVALIERS,135,WASHINGTON WIZARDS,116
2024-10-26 23:00:00+00:00,BOSTON CELTICS,124,DETROIT PISTONS,118
2024-10-26 23:00:00+00:00,MIAMI HEAT,114,CHARLOTTE HORNETS,106
2024-10-27 00:00:00+00:00,ORLANDO MAGIC,111,MEMPHIS GRIZZLIES,124
2024-10-27 00:00:00+00:00,TORONTO RAPTORS,101,MINNESOTA TIMBERWOLVES,112
2024-10-27 00:00:00+00:00,OKLAHOMA CITY THUNDER,114,CHICAGO BULLS,95
2024-10-27 00:30:00+00:00,HOUSTON ROCKETS,106,SAN ANTONIO SPURS,109
2024-10-27 02:00:00+00:00,DALLAS MAVERICKS,102,PHOENIX SUNS,114
2024-10-27 02:30:00+00:00,SACRAMENTO KINGS,127,LOS ANGELES LAKERS,131
2024-10-27 19:30:00+00:00,PHILADELPHIA 76ERS,118,INDIANA PACERS,114
2024-10-27 22:00:00+00:00,NEW ORLEANS PELICANS,103,PORTLAND TRAIL BLAZERS,125
2024-10-27 22:00:00+00:00,MILWAUKEE BUCKS,102,BROOKLYN NETS,115
2024-10-27 23:00:00+00:00,ATLANTA HAWKS,104,OKLAHOMA CITY THUNDER,128
2024-10-28 00:30:00+00:00,LOS ANGELES CLIPPERS,112,GOLDEN STATE WARRIORS,104
2024-10-28 23:00:00+00:00,INDIANA PACERS,115,ORLANDO MAGIC,119
2024-10-28 23:30:00+00:00,WASHINGTON WIZARDS,121,ATLANTA HAWKS,119
2024-10-28 23:30:00+00:00,MILWAUKEE BUCKS,108,BOSTON CELTICS,119
2024-10-28 23:30:00+00:00,DENVER NUGGETS,127,TORONTO RAPTORS,125
2024-10-28 23:30:00+00:00,DETROIT PISTONS,98,MIAMI HEAT,106
2024-10-28 23:30:00+00:00,CLEVELAND CAVALIERS,110,NEW YORK KNICKS,104
2024-10-29 00:00:00+00:00,HOUSTON ROCKETS,106,SAN ANTONIO SPURS,101
2024-10-29 00:00:00+00:00,CHICAGO BULLS,126,MEMPHIS GRIZZLIES,123
2024-10-29 00:30:00+00:00,UTAH JAZZ,102,DALLAS MAVERICKS,110
2024-10-29 02:00:00+00:00,PORTLAND TRAIL BLAZERS,98,SACRAMENTO KINGS,111
2024-10-29 02:00:00+00:00,LOS ANGELES LAKERS,105,PHOENIX SUNS,109
2024-10-29 23:30:00+00:00,DENVER NUGGETS,144,BROOKLYN NETS,139
2024-10-29 23:30:00+00:00,DALLAS MAVERICKS,120,MINNESOTA TIMBERWOLVES,114
2024-10-30 01:00:00+00:00,SACRAMENTO KINGS,113,UTAH JAZZ,96
2024-10-30 02:00:00+00:00,NEW ORLEANS PELICANS,106,GOLDEN STATE WARRIORS,124
2024-10-30 23:00:00+00:00,DETROIT PISTONS,105,PHILADELPHIA 76ERS,95
2024-10-30 23:00:00+00:00,ATLANTA HAWKS,120,WASHINGTON WIZARDS,133
2024-10-30 23:00:00+00:00,BOSTON CELTICS,132,INDIANA PACERS,135
2024-10-30 23:00:00+00:00,LOS ANGELES LAKERS,110,CLEVELAND CAVALIERS,134
2024-10-30 23:00:00+00:00,TORONTO RAPTORS,133,CHARLOTTE HORNETS,138
2024-10-30 23:30:00+00:00,NEW YORK KNICKS,116,MIAMI HEAT,107
2024-10-31 00:00:00+00:00,ORLANDO MAGIC,99,CHICAGO BULLS,102
2024-10-31 00:00:00+00:00,BROOKLYN NETS,119,MEMPHIS GRIZZLIES,106
2024-10-31 01:30:00+00:00,SAN ANTONIO SPURS,93,OKLAHOMA CITY THUNDER,105
2024-10-31 02:00:00+00:00,NEW ORLEANS PELICANS,89,GOLDEN STATE WARRIORS,104
2024-10-31 02:30:00+00:00,PORTLAND TRAIL BLAZERS,106,LOS ANGELES CLIPPERS,105
2024-11-01 00:00:00+00:00,MILWAUKEE BUCKS,99,MEMPHIS GRIZZLIES,122
2024-11-01 00:30:00+00:00,HOUSTON ROCKETS,108,DALLAS MAVERICKS,102
2024-11-01 01:00:00+00:00,SAN ANTONIO SPURS,106,UTAH JAZZ,88
2024-11-01 02:30:00+00:00,PHOENIX SUNS,125,LOS ANGELES CLIPPERS,119
2024-11-01 23:00:00+00:00,BOSTON CELTICS,124,CHARLOTTE HORNETS,109
2024-11-01 23:00:00+00:00,ORLANDO MAGIC,109,CLEVELAND CAVALIERS,120
2024-11-01 23:00:00+00:00,NEW YORK KNICKS,128,DETROIT PISTONS,98
2024-11-01 23:30:00+00:00,SACRAMENTO KINGS,123,ATLANTA HAWKS,115
2024-11-01 23:30:00+00:00,CHICAGO BULLS,112,BROOKLYN NETS,120
2024-11-01 23:30:00+00:00,LOS ANGELES LAKERS,131,TORONTO RAPTORS,125
2024-11-02 00:00:00+00:00,INDIANA PACERS,118,NEW ORLEANS PELICANS,125
2024-11-02 01:30:00+00:00,DENVER NUGGETS,116,MINNESOTA TIMBERWOLVES,119
2024-11-02 02:00:00+00:00,OKLAHOMA CITY THUNDER,137,PORTLAND TRAIL BLAZERS,114
2024-11-02 22:00:00+00:00,BOSTON CELTICS,113,CHARLOTTE HORNETS,103
2024-11-02 23:30:00+00:00,MEMPHIS GRIZZLIES,124,PHILADELPHIA 76ERS,107
2024-11-02 23:30:00+00:00,SACRAMENTO KINGS,128,TORONTO RAPTORS,131
2024-11-03 00:00:00+00:00,GOLDEN STATE WARRIORS,127,HOUSTON ROCKETS,121
2024-11-03 00:00:00+00:00,CLEVELAND CAVALIERS,114,MILWAUKEE BUCKS,113
2024-11-03 00:00:00+00:00,MINNESOTA TIMBERWOLVES,103,SAN ANTONIO SPURS,113
2024-11-03 01:30:00+00:00,MIAMI HEAT,118,WASHINGTON WIZARDS,98
2024-11-03 02:00:00+00:00,UTAH JAZZ,103,DENVER NUGGETS,129
2024-11-03 02:00:00+00:00,PORTLAND TRAIL BLAZERS,97,PHOENIX SUNS,103
2024-11-03 02:30:00+00:00,OKLAHOMA CITY THUNDER,105,LOS ANGELES CLIPPERS,92
2024-11-03 20:30:00+00:00,DETROIT PISTONS,106,BROOKLYN NETS,92
2024-11-04 00:00:00+00:00,ATLANTA HAWKS,126,NEW ORLEANS PELICANS,111
2024-11-04 00:30:00+00:00,ORLANDO MAGIC,85,DALLAS MAVERICKS,108
2024-11-05 00:00:00+00:00,MILWAUKEE BUCKS,114,CLEVELAND CAVALIERS,116
2024-11-05 00:15:00+00:00,GOLDEN STATE WARRIORS,125,WASHINGTON WIZARDS,112
2024-11-05 00:30:00+00:00,LOS ANGELES LAKERS,103,DETROIT PISTONS,115
2024-11-05 00:45:00+00:00,BOSTON CELTICS,123,ATLANTA HAWKS,93
2024-11-05 01:00:00+00:00,MEMPHIS GRIZZLIES,104,BROOKLYN NETS,106
2024-11-05 01:15:00+00:00,SACRAMENTO KINGS,111,MIAMI HEAT,110
2024-11-05 01:30:00+00:00,UTAH JAZZ,135,CHICAGO BULLS,126
2024-11-05 01:45:00+00:00,NEW YORK KNICKS,97,HOUSTON ROCKETS,109
2024-11-05 02:00:00+00:00,CHARLOTTE HORNETS,93,MINNESOTA TIMBERWOLVES,114
2024-11-05 02:15:00+00:00,ORLANDO MAGIC,86,OKLAHOMA CITY THUNDER,102
2024-11-05 02:30:00+00:00,PORTLAND TRAIL BLAZERS,118,NEW ORLEANS PELICANS,100
2024-11-05 02:45:00+00:00,INDIANA PACERS,134,DALLAS MAVERICKS,127
2024-11-05 03:00:00+00:00,TORONTO RAPTORS,119,DENVER NUGGETS,121
2024-11-05 03:15:00+00:00,PHILADELPHIA 76ERS,116,PHOENIX SUNS,118
2024-11-05 03:30:00+00:00,SAN ANTONIO SPURS,104,LOS ANGELES CLIPPERS,113
2024-11-07 00:00:00+00:00,DETROIT PISTONS,107,CHARLOTTE HORNETS,108
2024-11-07 00:00:00+00:00,ORLANDO MAGIC,111,INDIANA PACERS,118
2024-11-07 00:30:00+00:00,NEW YORK KNICKS,116,ATLANTA HAWKS,121
2024-11-07 00:30:00+00:00,GOLDEN STATE WARRIORS,118,BOSTON CELTICS,112
2024-11-07 01:00:00+00:00,SAN ANTONIO SPURS,100,HOUSTON ROCKETS,127
2024-11-07 01:00:00+00:00,LOS ANGELES LAKERS,114,MEMPHIS GRIZZLIES,131
2024-11-07 01:00:00+00:00,CLEVELAND CAVALIERS,131,NEW ORLEANS PELICANS,122
2024-11-07 01:30:00+00:00,CHICAGO BULLS,99,DALLAS MAVERICKS,119
2024-11-07 02:00:00+00:00,OKLAHOMA CITY THUNDER,122,DENVER NUGGETS,124
2024-11-07 02:00:00+00:00,MIAMI HEAT,112,PHOENIX SUNS,115
2024-11-07 03:00:00+00:00,PHILADELPHIA 76ERS,98,LOS ANGELES CLIPPERS,110
2024-11-07 03:00:00+00:00,TORONTO RAPTORS,107,SACRAMENTO KINGS,122
2024-11-08 01:00:00+00:00,MINNESOTA TIMBERWOLVES,135,CHICAGO BULLS,119
2024-11-08 01:00:00+00:00,UTAH JAZZ,100,MILWAUKEE BUCKS,123
2024-11-08 01:00:00+00:00,PORTLAND TRAIL BLAZERS,105,SAN ANTONIO SPURS,118
2024-11-09 00:00:00+00:00,INDIANA PACERS,83,CHARLOTTE HORNETS,103
2024-11-09 00:00:00+00:00,ATLANTA HAWKS,121,DETROIT PISTONS,122
2024-11-09 00:00:00+00:00,NEW ORLEANS PELICANS,88,ORLANDO MAGIC,115
2024-11-09 00:30:00+00:00,BROOKLYN NETS,104,BOSTON CELTICS,108
2024-11-09 00:30:00+00:00,GOLDEN STATE WARRIORS,117,CLEVELAND CAVALIERS,136
2024-11-09 00:30:00+00:00,PHOENIX SUNS,114,DALLAS MAVERICKS,113
2024-11-09 00:30:00+00:00,MILWAUKEE BUCKS,94,NEW YORK KNICKS,116
2024-11-09 01:00:00+00:00,WASHINGTON WIZARDS,104,MEMPHIS GRIZZLIES,128
2024-11-09 01:00:00+00:00,HOUSTON ROCKETS,107,OKLAHOMA CITY THUNDER,126
2024-11-09 02:00:00+00:00,MIAMI HEAT,122,DENVER NUGGETS,135
2024-11-09 02:00:00+00:00,PORTLAND TRAIL BLAZERS,102,MINNESOTA TIMBERWOLVES,127
2024-11-09 03:00:00+00:00,PHILADELPHIA 76ERS,106,LOS ANGELES LAKERS,116
2024-11-09 03:00:00+00:00,LOS ANGELES CLIPPERS,107,SACRAMENTO KINGS,98
2024-11-09 22:00:00+00:00,UTAH JAZZ,111,SAN ANTONIO SPURS,110
2024-11-10 00:30:00+00:00,CHICAGO BULLS,125,ATLANTA HAWKS,113
2024-11-10 00:30:00+00:00,BROOKLYN NETS,100,CLEVELAND CAVALIERS,105
2024-11-10 03:30:00+00:00,TORONTO RAPTORS,103,LOS ANGELES CLIPPERS,105
2024-11-10 20:00:00+00:00,HOUSTON ROCKETS,101,DETROIT PISTONS,99
2024-11-10 20:30:00+00:00,BOSTON CELTICS,113,MILWAUKEE BUCKS,107
2024-11-10 22:00:00+00:00,NEW YORK KNICKS,121,INDIANA PACERS,132
2024-11-10 23:00:00+00:00,WASHINGTON WIZARDS,94,ORLANDO MAGIC,121
2024-11-11 00:00:00+00:00,MIAMI HEAT,95,MINNESOTA TIMBERWOLVES,94
2024-11-11 00:00:00+00:00,GOLDEN STATE WARRIORS,127,OKLAHOMA CITY THUNDER,116
2024-11-11 00:00:00+00:00,CHARLOTTE HORNETS,105,PHILADELPHIA 76ERS,107
2024-11-11 01:00:00+00:00,DALLAS MAVERICKS,120,DENVER NUGGETS,122
2024-11-11 01:00:00+00:00,SACRAMENTO KINGS,127,PHOENIX SUNS,118
2024-11-11 02:00:00+00:00,MEMPHIS GRIZZLIES,134,PORTLAND TRAIL BLAZERS,89
2024-11-11 02:30:00+00:00,TORONTO RAPTORS,103,LOS ANGELES LAKERS,123
2024-11-12 01:00:00+00:00,CLEVELAND CAVALIERS,119,CHICAGO BULLS,113
2024-11-12 01:00:00+00:00,WASHINGTON WIZARDS,92,HOUSTON ROCKETS,107
2024-11-12 01:00:00+00:00,BROOKLYN NETS,107,NEW ORLEANS PELICANS,105
2024-11-12 01:00:00+00:00,LOS ANGELES CLIPPERS,128,OKLAHOMA CITY THUNDER,134
2024-11-12 01:00:00+00:00,SACRAMENTO KINGS,96,SAN ANTONIO SPURS,116
2024-11-13 00:00:00+00:00,ATLANTA HAWKS,117,BOSTON CELTICS,116
2024-11-13 00:00:00+00:00,MIAMI HEAT,121,DETROIT PISTONS,123
2024-11-13 00:00:00+00:00,CHARLOTTE HORNETS,89,ORLANDO MAGIC,114
2024-11-13 00:30:00+00:00,NEW YORK KNICKS,111,PHILADELPHIA 76ERS,99
2024-11-13 01:00:00+00:00,TORONTO RAPTORS,85,MILWAUKEE BUCKS,99
2024-11-13 02:00:00+00:00,PHOENIX SUNS,120,UTAH JAZZ,112
2024-11-13 03:00:00+00:00,DALLAS MAVERICKS,117,GOLDEN STATE WARRIORS,120
2024-11-13 03:00:00+00:00,MINNESOTA TIMBERWOLVES,108,PORTLAND TRAIL BLAZERS,122
2024-11-14 00:00:00+00:00,INDIANA PACERS,90,ORLANDO MAGIC,94
2024-11-14 00:30:00+00:00,BOSTON CELTICS,139,BROOKLYN NETS,114
2024-11-14 00:30:00+00:00,CHICAGO BULLS,124,NEW YORK KNICKS,123
2024-11-14 00:30:00+00:00,NEW ORLEANS PELICANS,88,OKLAHOMA CITY THUNDER,106
2024-11-14 00:30:00+00:00,CLEVELAND CAVALIERS,114,PHILADELPHIA 76ERS,106
2024-11-14 01:00:00+00:00,LOS ANGELES CLIPPERS,103,HOUSTON ROCKETS,111
2024-11-14 01:00:00+00:00,DETROIT PISTONS,120,MILWAUKEE BUCKS,127
2024-11-14 01:00:00+00:00,WASHINGTON WIZARDS,130,SAN ANTONIO SPURS,139
2024-11-14 03:00:00+00:00,MEMPHIS GRIZZLIES,123,LOS ANGELES LAKERS,128
2024-11-14 03:00:00+00:00,MINNESOTA TIMBERWOLVES,98,PORTLAND TRAIL BLAZERS,106
2024-11-14 03:00:00+00:00,PHOENIX SUNS,104,SACRAMENTO KINGS,127
2024-11-15 02:00:00+00:00,DALLAS MAVERICKS,113,UTAH JAZZ,115
2024-11-16 00:00:00+00:00,MIAMI HEAT,124,INDIANA PACERS,111
2024-11-16 00:00:00+00:00,PHILADELPHIA 76ERS,86,ORLANDO MAGIC,98
2024-11-16 00:00:00+00:00,DETROIT PISTONS,99,TORONTO RAPTORS,95
2024-11-16 00:30:00+00:00,WASHINGTON WIZARDS,117,ATLANTA HAWKS,129
2024-11-16 00:30:00+00:00,CHICAGO BULLS,126,CLEVELAND CAVALIERS,144
2024-11-16 00:30:00+00:00,BROOKLYN NETS,122,NEW YORK KNICKS,124
2024-11-16 00:30:00+00:00,LOS ANGELES LAKERS,120,SAN ANTONIO SPURS,115
2024-11-16 01:00:00+00:00,LOS ANGELES CLIPPERS,104,HOUSTON ROCKETS,125
2024-11-16 01:00:00+00:00,DENVER NUGGETS,94,NEW ORLEANS PELICANS,101
2024-11-16 01:00:00+00:00,PHOENIX SUNS,83,OKLAHOMA CITY THUNDER,99
2024-11-16 03:00:00+00:00,MEMPHIS GRIZZLIES,118,GOLDEN STATE WARRIORS,123
2024-11-16 03:00:00+00:00,MINNESOTA TIMBERWOLVES,130,SACRAMENTO KINGS,126
2024-11-16 20:00:00+00:00,MILWAUKEE BUCKS,114,CHARLOTTE HORNETS,115
2024-11-17 01:00:00+00:00,TORONTO RAPTORS,123,BOSTON CELTICS,126
2024-11-17 01:00:00+00:00,LOS ANGELES LAKERS,104,NEW ORLEANS PELICANS,99
2024-11-17 01:30:00+00:00,SAN ANTONIO SPURS,93,DALLAS MAVERICKS,110
2024-11-17 03:00:00+00:00,UTAH JAZZ,117,SACRAMENTO KINGS,121
2024-11-17 20:30:00+00:00,PHOENIX SUNS,117,MINNESOTA TIMBERWOLVES,120
2024-11-17 22:00:00+00:00,MIAMI HEAT,110,INDIANA PACERS,119
2024-11-17 23:00:00+00:00,CHARLOTTE HORNETS,114,CLEVELAND CAVALIERS,128
2024-11-17 23:00:00+00:00,DENVER NUGGETS,90,MEMPHIS GRIZZLIES,105
2024-11-17 23:00:00+00:00,ATLANTA HAWKS,110,PORTLAND TRAIL BLAZERS,114
2024-11-17 23:00:00+00:00,DETROIT PISTONS,124,WASHINGTON WIZARDS,104
2024-11-18 00:00:00+00:00,HOUSTON ROCKETS,143,CHICAGO BULLS,107
2024-11-18 00:00:00+00:00,BROOKLYN NETS,104,NEW YORK KNICKS,114
2024-11-18 00:00:00+00:00,DALLAS MAVERICKS,121,OKLAHOMA CITY THUNDER,119
2024-11-18 02:00:00+00:00,UTAH JAZZ,105,LOS ANGELES CLIPPERS,116
2024-11-19 00:00:00+00:00,CHICAGO BULLS,122,DETROIT PISTONS,112
2024-11-19 00:30:00+00:00,PHILADELPHIA 76ERS,89,MIAMI HEAT,106
2024-11-19 00:30:00+00:00,WASHINGTON WIZARDS,106,NEW YORK KNICKS,134
2024-11-19 00:30:00+00:00,INDIANA PACERS,119,TORONTO RAPTORS,130
2024-11-19 01:00:00+00:00,HOUSTON ROCKETS,100,MILWAUKEE BUCKS,101
2024-11-19 02:00:00+00:00,ORLANDO MAGIC,109,PHOENIX SUNS,99
2024-11-19 03:00:00+00:00,ATLANTA HAWKS,109,SACRAMENTO KINGS,108
2024-11-19 03:30:00+00:00,GOLDEN STATE WARRIORS,99,LOS ANGELES CLIPPERS,102
2024-11-20 00:00:00+00:00,CLEVELAND CAVALIERS,117,BOSTON CELTICS,120
2024-11-20 00:30:00+00:00,CHARLOTTE HORNETS,115,BROOKLYN NETS,116
2024-11-20 01:00:00+00:00,DENVER NUGGETS,122,MEMPHIS GRIZZLIES,110
2024-11-20 01:30:00+00:00,NEW ORLEANS PELICANS,91,DALLAS MAVERICKS,132
2024-11-20 02:30:00+00:00,OKLAHOMA CITY THUNDER,104,SAN ANTONIO SPURS,110
2024-11-20 03:30:00+00:00,UTAH JAZZ,118,LOS ANGELES LAKERS,124
2024-11-21 00:30:00+00:00,NEW ORLEANS PELICANS,100,CLEVELAND CAVALIERS,128
2024-11-21 00:30:00+00:00,CHICAGO BULLS,106,MILWAUKEE BUCKS,122
2024-11-21 01:00:00+00:00,INDIANA PACERS,113,HOUSTON ROCKETS,130
2024-11-21 01:00:00+00:00,PHILADELPHIA 76ERS,111,MEMPHIS GRIZZLIES,117
2024-11-21 01:00:00+00:00,PORTLAND TRAIL BLAZERS,99,OKLAHOMA CITY THUNDER,109
2024-11-21 03:00:00+00:00,ATLANTA HAWKS,97,GOLDEN STATE WARRIORS,120
2024-11-21 03:00:00+00:00,NEW YORK KNICKS,138,PHOENIX SUNS,122
2024-11-21 03:30:00+00:00,ORLANDO MAGIC,93,LOS ANGELES CLIPPERS,104
2024-11-22 00:00:00+00:00,DETROIT PISTONS,121,CHARLOTTE HORNETS,123
2024-11-22 00:30:00+00:00,MINNESOTA TIMBERWOLVES,105,TORONTO RAPTORS,110
2024-11-22 01:00:00+00:00,UTAH JAZZ,118,SAN ANTONIO SPURS,126
2024-11-22 03:30:00+00:00,ORLANDO MAGIC,119,LOS ANGELES LAKERS,118
2024-11-23 00:00:00+00:00,BROOKLYN NETS,98,PHILADELPHIA 76ERS,113
2024-11-23 00:00:00+00:00,BOSTON CELTICS,108,WASHINGTON WIZARDS,96
2024-11-23 00:30:00+00:00,GOLDEN STATE WARRIORS,112,NEW ORLEANS PELICANS,108
2024-11-23 01:00:00+00:00,ATLANTA HAWKS,122,CHICAGO BULLS,136
2024-11-23 01:00:00+00:00,PORTLAND TRAIL BLAZERS,88,HOUSTON ROCKETS,116
2024-11-23 01:00:00+00:00,INDIANA PACERS,117,MILWAUKEE BUCKS,129
2024-11-23 03:00:00+00:00,DALLAS MAVERICKS,123,DENVER NUGGETS,120
2024-11-23 03:30:00+00:00,SACRAMENTO KINGS,88,LOS ANGELES CLIPPERS,104
2024-11-23 22:00:00+00:00,NEW YORK KNICKS,106,UTAH JAZZ,121
2024-11-24 00:00:00+00:00,DETROIT PISTONS,100,ORLANDO MAGIC,111
2024-11-24 01:00:00+00:00,MEMPHIS GRIZZLIES,142,CHICAGO BULLS,131
2024-11-24 01:00:00+00:00,PORTLAND TRAIL BLAZERS,104,HOUSTON ROCKETS,98
2024-11-24 01:00:00+00:00,CHARLOTTE HORNETS,119,MILWAUKEE BUCKS,125
2024-11-24 01:30:00+00:00,GOLDEN STATE WARRIORS,94,SAN ANTONIO SPURS,104
2024-11-24 03:30:00+00:00,DENVER NUGGETS,127,LOS ANGELES LAKERS,102
2024-11-24 20:30:00+00:00,MINNESOTA TIMBERWOLVES,105,BOSTON CELTICS,107
2024-11-24 22:00:00+00:00,WASHINGTON WIZARDS,103,INDIANA PACERS,115
2024-11-24 23:00:00+00:00,DALLAS MAVERICKS,118,MIAMI HEAT,123
2024-11-24 23:00:00+00:00,LOS ANGELES CLIPPERS,125,PHILADELPHIA 76ERS,99
2024-11-25 00:30:00+00:00,TORONTO RAPTORS,108,CLEVELAND CAVALIERS,122
2024-11-25 02:00:00+00:00,BROOKLYN NETS,108,SACRAMENTO KINGS,103
2024-11-26 00:00:00+00:00,ORLANDO MAGIC,95,CHARLOTTE HORNETS,84
2024-11-26 00:00:00+00:00,TORONTO RAPTORS,100,DETROIT PISTONS,102
2024-11-26 00:00:00+00:00,NEW ORLEANS PELICANS,110,INDIANA PACERS,114
2024-11-26 00:30:00+00:00,DALLAS MAVERICKS,129,ATLANTA HAWKS,119
2024-11-26 00:30:00+00:00,LOS ANGELES CLIPPERS,94,BOSTON CELTICS,126
2024-11-26 01:00:00+00:00,PORTLAND TRAIL BLAZERS,98,MEMPHIS GRIZZLIES,123
2024-11-26 02:00:00+00:00,NEW YORK KNICKS,145,DENVER NUGGETS,118
2024-11-26 03:00:00+00:00,BROOKLYN NETS,128,GOLDEN STATE WARRIORS,120
2024-11-26 03:00:00+00:00,OKLAHOMA CITY THUNDER,130,SACRAMENTO KINGS,109
2024-11-27 00:00:00+00:00,CHICAGO BULLS,127,WASHINGTON WIZARDS,108
2024-11-27 00:30:00+00:00,MILWAUKEE BUCKS,106,MIAMI HEAT,103
2024-11-27 01:00:00+00:00,HOUSTON ROCKETS,117,MINNESOTA TIMBERWOLVES,111
2024-11-27 02:00:00+00:00,SAN ANTONIO SPURS,128,UTAH JAZZ,115
2024-11-27 03:00:00+00:00,LOS ANGELES LAKERS,100,PHOENIX SUNS,127
2024-11-28 00:00:00+00:00,MIAMI HEAT,98,CHARLOTTE HORNETS,94
2024-11-28 00:00:00+00:00,ATLANTA HAWKS,135,CLEVELAND CAVALIERS,124
2024-11-28 00:00:00+00:00,PORTLAND TRAIL BLAZERS,114,INDIANA PACERS,121
2024-11-28 00:00:00+00:00,CHICAGO BULLS,119,ORLANDO MAGIC,133
2024-11-28 00:00:00+00:00,HOUSTON ROCKETS,122,PHILADELPHIA 76ERS,115
2024-11-28 00:00:00+00:00,LOS ANGELES CLIPPERS,121,WASHINGTON WIZARDS,96
2024-11-28 00:30:00+00:00,NEW YORK KNICKS,114,DALLAS MAVERICKS,129
2024-11-28 01:00:00+00:00,DETROIT PISTONS,111,MEMPHIS GRIZZLIES,131
2024-11-28 01:00:00+00:00,SACRAMENTO KINGS,115,MINNESOTA TIMBERWOLVES,104
2024-11-28 01:00:00+00:00,TORONTO RAPTORS,119,NEW ORLEANS PELICANS,93
2024-11-28 01:30:00+00:00,LOS ANGELES LAKERS,119,SAN ANTONIO SPURS,101
2024-11-28 02:00:00+00:00,BROOKLYN NETS,127,PHOENIX SUNS,117
2024-11-28 02:00:00+00:00,DENVER NUGGETS,122,UTAH JAZZ,103
2024-11-28 03:00:00+00:00,OKLAHOMA CITY THUNDER,105,GOLDEN STATE WARRIORS,101
2024-11-29 17:00:00+00:00,NEW YORK KNICKS,99,CHARLOTTE HORNETS,98
2024-11-29 19:30:00+00:00,CLEVELAND CAVALIERS,101,ATLANTA HAWKS,117
2024-11-29 22:00:00+00:00,NEW ORLEANS PELICANS,109,MEMPHIS GRIZZLIES,120
2024-11-30 00:30:00+00:00,ORLANDO MAGIC,123,BROOKLYN NETS,100
2024-11-30 00:30:00+00:00,LOS ANGELES CLIPPERS,92,MINNESOTA TIMBERWOLVES,93
2024-11-30 01:00:00+00:00,BOSTON CELTICS,138,CHICAGO BULLS,129
2024-11-30 01:00:00+00:00,DETROIT PISTONS,130,INDIANA PACERS,106
2024-11-30 01:00:00+00:00,TORONTO RAPTORS,111,MIAMI HEAT,121
2024-11-30 03:00:00+00:00,OKLAHOMA CITY THUNDER,101,LOS ANGELES LAKERS,93
2024-11-30 03:00:00+00:00,SACRAMENTO KINGS,106,PORTLAND TRAIL BLAZERS,115
2024-11-30 23:00:00+00:00,ATLANTA HAWKS,107,CHARLOTTE HORNETS,104
2024-12-01 00:00:00+00:00,PHILADELPHIA 76ERS,111,DETROIT PISTONS,96
2024-12-01 01:00:00+00:00,WASHINGTON WIZARDS,114,MILWAUKEE BUCKS,124
2024-12-01 02:00:00+00:00,GOLDEN STATE WARRIORS,105,PHOENIX SUNS,113
2024-12-01 02:30:00+00:00,DALLAS MAVERICKS,106,UTAH JAZZ,94
2024-12-01 20:30:00+00:00,ORLANDO MAGIC,100,BROOKLYN NETS,92
2024-12-01 20:30:00+00:00,INDIANA PACERS,121,MEMPHIS GRIZZLIES,136
2024-12-01 23:00:00+00:00,BOSTON CELTICS,111,CLEVELAND CAVALIERS,115
2024-12-01 23:00:00+00:00,NEW ORLEANS PELICANS,85,NEW YORK KNICKS,118
2024-12-01 23:00:00+00:00,MIAMI HEAT,116,TORONTO RAPTORS,119
2024-12-02 00:00:00+00:00,OKLAHOMA CITY THUNDER,116,HOUSTON ROCKETS,119
2024-12-02 01:00:00+00:00,LOS ANGELES LAKERS,105,UTAH JAZZ,104
2024-12-02 02:00:00+00:00,DALLAS MAVERICKS,137,PORTLAND TRAIL BLAZERS,131
2024-12-02 02:00:00+00:00,SAN ANTONIO SPURS,127,SACRAMENTO KINGS,125
2024-12-02 03:00:00+00:00,DENVER NUGGETS,122,LOS ANGELES CLIPPERS,126
2024-12-03 00:30:00+00:00,NEW ORLEANS PELICANS,112,ATLANTA HAWKS,124
2024-12-03 00:30:00+00:00,MIAMI HEAT,89,BOSTON CELTICS,108
2024-12-03 01:00:00+00:00,BROOKLYN NETS,102,CHICAGO BULLS,128
2024-12-03 01:00:00+00:00,LOS ANGELES LAKERS,80,MINNESOTA TIMBERWOLVES,109
2024-12-04 00:00:00+00:00,PHILADELPHIA 76ERS,110,CHARLOTTE HORNETS,104
2024-12-04 00:00:00+00:00,WASHINGTON WIZARDS,87,CLEVELAND CAVALIERS,118
2024-12-04 00:00:00+00:00,MILWAUKEE BUCKS,128,DETROIT PISTONS,107
2024-12-04 00:30:00+00:00,ORLANDO MAGIC,106,NEW YORK KNICKS,121
2024-12-04 00:30:00+00:00,INDIANA PACERS,111,TORONTO RAPTORS,122
2024-12-04 01:00:00+00:00,UTAH JAZZ,106,OKLAHOMA CITY THUNDER,133
2024-12-04 01:30:00+00:00,MEMPHIS GRIZZLIES,116,DALLAS MAVERICKS,121
2024-12-04 02:00:00+00:00,SAN ANTONIO SPURS,93,PHOENIX SUNS,104
2024-12-04 03:00:00+00:00,GOLDEN STATE WARRIORS,115,DENVER NUGGETS,119
2024-12-04 03:00:00+00:00,HOUSTON ROCKETS,111,SACRAMENTO KINGS,120
2024-12-04 03:30:00+00:00,PORTLAND TRAIL BLAZERS,105,LOS ANGELES CLIPPERS,127
2024-12-05 00:30:00+00:00,DETROIT PISTONS,120,BOSTON CELTICS,130
2024-12-05 00:30:00+00:00,INDIANA PACERS,90,BROOKLYN NETS,99
2024-12-05 00:30:00+00:00,LOS ANGELES LAKERS,93,MIAMI HEAT,134
2024-12-05 00:30:00+00:00,ORLANDO MAGIC,106,PHILADELPHIA 76ERS,102
2024-12-05 01:00:00+00:00,ATLANTA HAWKS,119,MILWAUKEE BUCKS,104
2024-12-05 03:30:00+00:00,MINNESOTA TIMBERWOLVES,108,LOS ANGELES CLIPPERS,80
2024-12-06 00:00:00+00:00,DENVER NUGGETS,114,CLEVELAND CAVALIERS,126
2024-12-06 00:00:00+00:00,DALLAS MAVERICKS,137,WASHINGTON WIZARDS,101
2024-12-06 00:30:00+00:00,CHARLOTTE HORNETS,101,NEW YORK KNICKS,125
2024-12-06 00:30:00+00:00,OKLAHOMA CITY THUNDER,129,TORONTO RAPTORS,92
2024-12-06 01:00:00+00:00,SACRAMENTO KINGS,110,MEMPHIS GRIZZLIES,115
2024-12-06 01:00:00+00:00,PHOENIX SUNS,124,NEW ORLEANS PELICANS,126
2024-12-06 01:00:00+00:00,CHICAGO BULLS,139,SAN ANTONIO SPURS,124
2024-12-06 03:00:00+00:00,HOUSTON ROCKETS,93,GOLDEN STATE WARRIORS,99
2024-12-07 00:00:00+00:00,ORLANDO MAGIC,94,PHILADELPHIA 76ERS,102
2024-12-07 00:30:00+00:00,LOS ANGELES LAKERS,132,ATLANTA HAWKS,134
2024-12-07 00:30:00+00:00,MILWAUKEE BUCKS,105,BOSTON CELTICS,111
2024-12-07 01:00:00+00:00,INDIANA PACERS,132,CHICAGO BULLS,123
2024-12-07 01:00:00+00:00,SACRAMENTO KINGS,140,SAN ANTONIO SPURS,113
2024-12-07 03:00:00+00:00,MINNESOTA TIMBERWOLVES,107,GOLDEN STATE WARRIORS,90
2024-12-07 03:00:00+00:00,UTAH JAZZ,141,PORTLAND TRAIL BLAZERS,99
2024-12-07 18:00:00+00:00,CLEVELAND CAVALIERS,116,CHARLOTTE HORNETS,102
2024-12-08 00:00:00+00:00,OKLAHOMA CITY THUNDER,119,NEW ORLEANS PELICANS,109
2024-12-08 00:00:00+00:00,DENVER NUGGETS,113,WASHINGTON WIZARDS,122
2024-12-08 00:30:00+00:00,DETROIT PISTONS,120,NEW YORK KNICKS,111
2024-12-08 00:30:00+00:00,DALLAS MAVERICKS,125,TORONTO RAPTORS,118
2024-12-08 01:00:00+00:00,MEMPHIS GRIZZLIES,127,BOSTON CELTICS,121
2024-12-08 01:00:00+00:00,PHOENIX SUNS,111,MIAMI HEAT,121
2024-12-08 18:00:00+00:00,PHILADELPHIA 76ERS,108,CHICAGO BULLS,100
2024-12-08 20:30:00+00:00,MILWAUKEE BUCKS,118,BROOKLYN NETS,113
2024-12-08 22:00:00+00:00,CHARLOTTE HORNETS,113,INDIANA PACERS,109
2024-12-08 23:00:00+00:00,DENVER NUGGETS,141,ATLANTA HAWKS,111
2024-12-08 23:00:00+00:00,CLEVELAND CAVALIERS,113,MIAMI HEAT,122
2024-12-08 23:30:00+00:00,PHOENIX SUNS,110,ORLANDO MAGIC,115
2024-12-09 00:00:00+00:00,NEW ORLEANS PELICANS,116,SAN ANTONIO SPURS,121
2024-12-09 00:00:00+00:00,MEMPHIS GRIZZLIES,140,WASHINGTON WIZARDS,112
2024-12-09 01:30:00+00:00,MINNESOTA TIMBERWOLVES,106,GOLDEN STATE WARRIORS,114
2024-12-09 02:00:00+00:00,HOUSTON ROCKETS,117,LOS ANGELES CLIPPERS,106
2024-12-09 02:00:00+00:00,UTAH JAZZ,97,SACRAMENTO KINGS,141
2024-12-09 02:30:00+00:00,PORTLAND TRAIL BLAZERS,98,LOS ANGELES LAKERS,107
2024-12-10 00:30:00+00:00,NEW YORK KNICKS,113,TORONTO RAPTORS,108
2024-12-11 00:00:00+00:00,ORLANDO MAGIC,109,MILWAUKEE BUCKS,114
2024-12-11 02:30:00+00:00,DALLAS MAVERICKS,104,OKLAHOMA CITY THUNDER,118
2024-12-12 00:00:00+00:00,ATLANTA HAWKS,108,NEW YORK KNICKS,100
2024-12-12 02:30:00+00:00,GOLDEN STATE WARRIORS,90,HOUSTON ROCKETS,91
2024-12-13 00:30:00+00:00,DETROIT PISTONS,99,BOSTON CELTICS,123
2024-12-13 00:30:00+00:00,TORONTO RAPTORS,104,MIAMI HEAT,114
2024-12-13 01:00:00+00:00,SACRAMENTO KINGS,111,NEW ORLEANS PELICANS,109
2024-12-14 00:00:00+00:00,WASHINGTON WIZARDS,105,CLEVELAND CAVALIERS,115
2024-12-14 00:00:00+00:00,INDIANA PACERS,121,PHILADELPHIA 76ERS,107
2024-12-14 01:00:00+00:00,CHARLOTTE HORNETS,95,CHICAGO BULLS,109
2024-12-14 01:00:00+00:00,BROOKLYN NETS,119,MEMPHIS GRIZZLIES,135
2024-12-14 01:00:00+00:00,LOS ANGELES LAKERS,87,MINNESOTA TIMBERWOLVES,97
2024-12-14 02:00:00+00:00,LOS ANGELES CLIPPERS,98,DENVER NUGGETS,120
2024-12-14 02:30:00+00:00,PHOENIX SUNS,134,UTAH JAZZ,126
2024-12-14 03:00:00+00:00,SAN ANTONIO SPURS,118,PORTLAND TRAIL BLAZERS,116
2024-12-14 21:30:00+00:00,ATLANTA HAWKS,102,MILWAUKEE BUCKS,110
2024-12-15 01:30:00+00:00,HOUSTON ROCKETS,96,OKLAHOMA CITY THUNDER,111
2024-12-15 22:00:00+00:00,NEW ORLEANS PELICANS,104,INDIANA PACERS,119
2024-12-15 23:00:00+00:00,NEW YORK KNICKS,100,ORLANDO MAGIC,91
2024-12-15 23:00:00+00:00,BOSTON CELTICS,112,WASHINGTON WIZARDS,98
2024-12-16 00:00:00+00:00,MINNESOTA TIMBERWOLVES,106,SAN ANTONIO SPURS,92
2024-12-16 01:00:00+00:00,PORTLAND TRAIL BLAZERS,109,PHOENIX SUNS,116
2024-12-16 01:30:00+00:00,DALLAS MAVERICKS,143,GOLDEN STATE WARRIORS,133
2024-12-16 02:30:00+00:00,MEMPHIS GRIZZLIES,110,LOS ANGELES LAKERS,116
2024-12-17 00:00:00+00:00,PHILADELPHIA 76ERS,121,CHARLOTTE HORNETS,108
2024-12-17 00:00:00+00:00,MIAMI HEAT,124,DETROIT PISTONS,125
2024-12-17 00:30:00+00:00,CLEVELAND CAVALIERS,130,BROOKLYN NETS,101
2024-12-17 00:30:00+00:00,CHICAGO BULLS,122,TORONTO RAPTORS,121
2024-12-17 03:00:00+00:00,DENVER NUGGETS,130,SACRAMENTO KINGS,129
2024-12-17 03:30:00+00:00,UTAH JAZZ,107,LOS ANGELES CLIPPERS,144
2024-12-18 01:30:00+00:00,MILWAUKEE BUCKS,97,OKLAHOMA CITY THUNDER,81
2024-12-20 00:00:00+00:00,UTAH JAZZ,126,DETROIT PISTONS,119
2024-12-20 00:00:00+00:00,OKLAHOMA CITY THUNDER,105,ORLANDO MAGIC,99
2024-12-20 00:00:00+00:00,CHARLOTTE HORNETS,114,WASHINGTON WIZARDS,123
2024-12-20 00:30:00+00:00,CHICAGO BULLS,117,BOSTON CELTICS,108
2024-12-20 00:30:00+00:00,BROOKLYN NETS,101,TORONTO RAPTORS,94
2024-12-20 01:00:00+00:00,NEW ORLEANS PELICANS,113,HOUSTON ROCKETS,133
2024-12-20 01:00:00+00:00,GOLDEN STATE WARRIORS,93,MEMPHIS GRIZZLIES,144
2024-12-20 01:00:00+00:00,ATLANTA HAWKS,126,SAN ANTONIO SPURS,133
2024-12-20 01:30:00+00:00,LOS ANGELES CLIPPERS,118,DALLAS MAVERICKS,95
2024-12-20 02:00:00+00:00,INDIANA PACERS,120,PHOENIX SUNS,111
2024-12-20 02:30:00+00:00,NEW YORK KNICKS,133,MINNESOTA TIMBERWOLVES,107
2024-12-20 03:00:00+00:00,DENVER NUGGETS,124,PORTLAND TRAIL BLAZERS,126
2024-12-20 03:00:00+00:00,LOS ANGELES LAKERS,113,SACRAMENTO KINGS,100
2024-12-21 00:00:00+00:00,CHARLOTTE HORNETS,98,PHILADELPHIA 76ERS,108
2024-12-21 00:30:00+00:00,MILWAUKEE BUCKS,101,CLEVELAND CAVALIERS,124
2024-12-21 01:00:00+00:00,OKLAHOMA CITY THUNDER,104,MIAMI HEAT,97
2024-12-21 23:00:00+00:00,LOS ANGELES LAKERS,103,SACRAMENTO KINGS,99
2024-12-22 00:00:00+00:00,MIAMI HEAT,114,ORLANDO MAGIC,121
2024-12-22 00:30:00+00:00,MEMPHIS GRIZZLIES,128,ATLANTA HAWKS,112
2024-12-22 00:30:00+00:00,UTAH JAZZ,105,BROOKLYN NETS,94
2024-12-22 01:00:00+00:00,BOSTON CELTICS,123,CHICAGO BULLS,98
2024-12-22 01:00:00+00:00,PHILADELPHIA 76ERS,99,CLEVELAND CAVALIERS,126
2024-12-22 01:00:00+00:00,WASHINGTON WIZARDS,101,MILWAUKEE BUCKS,112
2024-12-22 01:00:00+00:00,GOLDEN STATE WARRIORS,113,MINNESOTA TIMBERWOLVES,103
2024-12-22 01:00:00+00:00,NEW YORK KNICKS,104,NEW ORLEANS PELICANS,93
2024-12-22 01:30:00+00:00,LOS ANGELES CLIPPERS,97,DALLAS MAVERICKS,113
2024-12-22 01:30:00+00:00,PORTLAND TRAIL BLAZERS,94,SAN ANTONIO SPURS,114
2024-12-22 02:00:00+00:00,DETROIT PISTONS,133,PHOENIX SUNS,125
2024-12-22 23:00:00+00:00,INDIANA PACERS,122,SACRAMENTO KINGS,95
2024-12-22 23:00:00+00:00,HOUSTON ROCKETS,114,TORONTO RAPTORS,110
2024-12-23 00:00:00+00:00,DENVER NUGGETS,132,NEW ORLEANS PELICANS,129
2024-12-24 00:00:00+00:00,HOUSTON ROCKETS,114,CHARLOTTE HORNETS,101
2024-12-24 00:00:00+00:00,UTAH JAZZ,113,CLEVELAND CAVALIERS,124
2024-12-24 00:00:00+00:00,BOSTON CELTICS,104,ORLANDO MAGIC,108
2024-12-24 00:00:00+00:00,SAN ANTONIO SPURS,106,PHILADELPHIA 76ERS,111
2024-12-24 00:30:00+00:00,MINNESOTA TIMBERWOLVES,104,ATLANTA HAWKS,117
2024-12-24 00:30:00+00:00,BROOKLYN NETS,95,MIAMI HEAT,110
2024-12-24 00:30:00+00:00,TORONTO RAPTORS,125,NEW YORK KNICKS,139
2024-12-24 01:00:00+00:00,MILWAUKEE BUCKS,112,CHICAGO BULLS,91
2024-12-24 01:00:00+00:00,LOS ANGELES CLIPPERS,114,MEMPHIS GRIZZLIES,110
2024-12-24 01:00:00+00:00,WASHINGTON WIZARDS,105,OKLAHOMA CITY THUNDER,123
2024-12-24 01:30:00+00:00,PORTLAND TRAIL BLAZERS,108,DALLAS MAVERICKS,132
2024-12-24 03:00:00+00:00,PHOENIX SUNS,90,DENVER NUGGETS,117
2024-12-24 03:00:00+00:00,INDIANA PACERS,111,GOLDEN STATE WARRIORS,105
2024-12-24 03:30:00+00:00,DETROIT PISTONS,117,LOS ANGELES LAKERS,114
2024-12-25 17:00:00+00:00,SAN ANTONIO SPURS,114,NEW YORK KNICKS,117
2024-12-25 19:30:00+00:00,MINNESOTA TIMBERWOLVES,105,DALLAS MAVERICKS,99
2024-12-25 22:00:00+00:00,PHILADELPHIA 76ERS,118,BOSTON CELTICS,114
2024-12-26 01:00:00+00:00,LOS ANGELES LAKERS,115,GOLDEN STATE WARRIORS,113
2024-12-26 03:30:00+00:00,DENVER NUGGETS,100,PHOENIX SUNS,110
2024-12-27 00:00:00+00:00,OKLAHOMA CITY THUNDER,120,INDIANA PACERS,114
2024-12-27 00:00:00+00:00,MIAMI HEAT,89,ORLANDO MAGIC,88
2024-12-27 00:00:00+00:00,CHARLOTTE HORNETS,110,WASHINGTON WIZARDS,113
2024-12-27 00:30:00+00:00,CHICAGO BULLS,133,ATLANTA HAWKS,141
2024-12-27 01:00:00+00:00,TORONTO RAPTORS,126,MEMPHIS GRIZZLIES,155
2024-12-27 01:00:00+00:00,BROOKLYN NETS,111,MILWAUKEE BUCKS,105
2024-12-27 01:00:00+00:00,HOUSTON ROCKETS,128,NEW ORLEANS PELICANS,111
2024-12-27 03:00:00+00:00,UTAH JAZZ,120,PORTLAND TRAIL BLAZERS,122
2024-12-27 03:00:00+00:00,DETROIT PISTONS,114,SACRAMENTO KINGS,113
2024-12-28 00:00:00+00:00,NEW YORK KNICKS,108,ORLANDO MAGIC,85
2024-12-28 00:30:00+00:00,INDIANA PACERS,105,BOSTON CELTICS,142
2024-12-28 00:30:00+00:00,SAN ANTONIO SPURS,96,BROOKLYN NETS,87
2024-12-28 01:00:00+00:00,MINNESOTA TIMBERWOLVES,113,HOUSTON ROCKETS,112
2024-12-28 01:00:00+00:00,MEMPHIS GRIZZLIES,132,NEW ORLEANS PELICANS,124
2024-12-28 02:00:00+00:00,CLEVELAND CAVALIERS,149,DENVER NUGGETS,135
2024-12-28 02:00:00+00:00,DALLAS MAVERICKS,98,PHOENIX SUNS,89
2024-12-28 03:00:00+00:00,GOLDEN STATE WARRIORS,92,LOS ANGELES CLIPPERS,102
2024-12-28 20:00:00+00:00,MIAMI HEAT,110,ATLANTA HAWKS,120
2024-12-28 23:00:00+00:00,OKLAHOMA CITY THUNDER,106,CHARLOTTE HORNETS,94
2024-12-29 00:00:00+00:00,NEW YORK KNICKS,136,WASHINGTON WIZARDS,132
2024-12-29 01:00:00+00:00,MILWAUKEE BUCKS,111,CHICAGO BULLS,116
2024-12-29 01:30:00+00:00,PHOENIX SUNS,105,GOLDEN STATE WARRIORS,109
2024-12-29 02:00:00+00:00,DETROIT PISTONS,121,DENVER NUGGETS,134
2024-12-29 02:30:00+00:00,PHILADELPHIA 76ERS,114,UTAH JAZZ,111
2024-12-29 03:00:00+00:00,DALLAS MAVERICKS,122,PORTLAND TRAIL BLAZERS,126
2024-12-29 03:30:00+00:00,SACRAMENTO KINGS,122,LOS ANGELES LAKERS,132
2024-12-29 20:30:00+00:00,BROOKLYN NETS,101,ORLANDO MAGIC,102
2024-12-29 23:00:00+00:00,INDIANA PACERS,123,BOSTON CELTICS,114
2024-12-29 23:00:00+00:00,ATLANTA HAWKS,136,TORONTO RAPTORS,107
2024-12-30 00:00:00+00:00,MIAMI HEAT,104,HOUSTON ROCKETS,100
2024-12-30 00:00:00+00:00,MEMPHIS GRIZZLIES,106,OKLAHOMA CITY THUNDER,130
2024-12-30 02:00:00+00:00,SAN ANTONIO SPURS,110,MINNESOTA TIMBERWOLVES,112
2024-12-31 00:00:00+00:00,CHICAGO BULLS,115,CHARLOTTE HORNETS,108
2024-12-31 00:00:00+00:00,NEW YORK KNICKS,126,WASHINGTON WIZARDS,106
2024-12-31 01:00:00+00:00,LOS ANGELES CLIPPERS,116,NEW ORLEANS PELICANS,113
2024-12-31 02:00:00+00:00,DENVER NUGGETS,132,UTAH JAZZ,121
2024-12-31 03:00:00+00:00,CLEVELAND CAVALIERS,113,GOLDEN STATE WARRIORS,95
2024-12-31 03:00:00+00:00,PHILADELPHIA 76ERS,125,PORTLAND TRAIL BLAZERS,103
2024-12-31 03:00:00+00:00,DALLAS MAVERICKS,100,SACRAMENTO KINGS,110
2024-12-31 20:00:00+00:00,TORONTO RAPTORS,71,BOSTON CELTICS,125
2024-12-31 20:00:00+00:00,MILWAUKEE BUCKS,120,INDIANA PACERS,112
2025-01-01 00:00:00+00:00,LOS ANGELES CLIPPERS,86,SAN ANTONIO SPURS,122
2025-01-01 01:00:00+00:00,MINNESOTA TIMBERWOLVES,105,OKLAHOMA CITY THUNDER,113
2025-01-01 02:00:00+00:00,CLEVELAND CAVALIERS,122,LOS ANGELES LAKERS,110
2025-01-01 02:00:00+00:00,MEMPHIS GRIZZLIES,117,PHOENIX SUNS,112
2025-01-02 00:00:00+00:00,ORLANDO MAGIC,96,DETROIT PISTONS,105
2025-01-02 00:00:00+00:00,CHICAGO BULLS,107,WASHINGTON WIZARDS,125
2025-01-02 00:30:00+00:00,NEW ORLEANS PELICANS,108,MIAMI HEAT,119
2025-01-02 00:30:00+00:00,UTAH JAZZ,103,NEW YORK KNICKS,119
2025-01-02 00:30:00+00:00,BROOKLYN NETS,113,TORONTO RAPTORS,130
2025-01-02 01:00:00+00:00,DALLAS MAVERICKS,99,HOUSTON ROCKETS,110
2025-01-02 02:00:00+00:00,ATLANTA HAWKS,120,DENVER NUGGETS,139
2025-01-02 03:00:00+00:00,PHILADELPHIA 76ERS,107,SACRAMENTO KINGS,113
2025-01-03 00:30:00+00:00,INDIANA PACERS,128,MIAMI HEAT,115
2025-01-03 00:30:00+00:00,BOSTON CELTICS,118,MINNESOTA TIMBERWOLVES,115
2025-01-03 01:00:00+00:00,BROOKLYN NETS,113,MILWAUKEE BUCKS,110
2025-01-03 01:00:00+00:00,LOS ANGELES CLIPPERS,98,OKLAHOMA CITY THUNDER,116
2025-01-03 03:00:00+00:00,PHILADELPHIA 76ERS,105,GOLDEN STATE WARRIORS,139
2025-01-03 03:30:00+00:00,PORTLAND TRAIL BLAZERS,106,LOS ANGELES LAKERS,114
2025-01-04 00:00:00+00:00,CHARLOTTE HORNETS,94,DETROIT PISTONS,98
2025-01-04 00:30:00+00:00,ORLANDO MAGIC,106,TORONTO RAPTORS,97
2025-01-04 01:00:00+00:00,BOSTON CELTICS,109,HOUSTON ROCKETS,86
2025-01-04 01:00:00+00:00,WASHINGTON WIZARDS,120,NEW ORLEANS PELICANS,132
2025-01-04 01:00:00+00:00,NEW YORK KNICKS,107,OKLAHOMA CITY THUNDER,117
2025-01-04 01:30:00+00:00,CLEVELAND CAVALIERS,134,DALLAS MAVERICKS,122
2025-01-04 02:00:00+00:00,SAN ANTONIO SPURS,113,DENVER NUGGETS,110
2025-01-04 03:00:00+00:00,MEMPHIS GRIZZLIES,133,SACRAMENTO KINGS,138
2025-01-04 03:30:00+00:00,ATLANTA HAWKS,102,LOS ANGELES LAKERS,119
2025-01-04 23:00:00+00:00,PHILADELPHIA 76ERS,123,BROOKLYN NETS,94
2025-01-05 00:00:00+00:00,MINNESOTA TIMBERWOLVES,105,DETROIT PISTONS,119
2025-01-05 00:00:00+00:00,PHOENIX SUNS,108,INDIANA PACERS,126
2025-01-05 01:00:00+00:00,NEW YORK KNICKS,126,CHICAGO BULLS,139
2025-01-05 01:00:00+00:00,UTAH JAZZ,136,MIAMI HEAT,100
2025-01-05 01:00:00+00:00,PORTLAND TRAIL BLAZERS,105,MILWAUKEE BUCKS,102
2025-01-05 01:00:00+00:00,DENVER NUGGETS,122,SAN ANTONIO SPURS,111
2025-01-05 01:30:00+00:00,MEMPHIS GRIZZLIES,113,GOLDEN STATE WARRIORS,121
2025-01-05 03:30:00+00:00,ATLANTA HAWKS,105,LOS ANGELES CLIPPERS,131
2025-01-05 20:30:00+00:00,BOSTON CELTICS,92,OKLAHOMA CITY THUNDER,105
2025-01-05 23:00:00+00:00,CHARLOTTE HORNETS,105,CLEVELAND CAVALIERS,115
2025-01-05 23:00:00+00:00,NEW ORLEANS PELICANS,110,WASHINGTON WIZARDS,98
2025-01-05 23:30:00+00:00,UTAH JAZZ,105,ORLANDO MAGIC,92
2025-01-06 00:00:00+00:00,LOS ANGELES LAKERS,115,HOUSTON ROCKETS,119
2025-01-06 01:30:00+00:00,SACRAMENTO KINGS,129,GOLDEN STATE WARRIORS,99
2025-01-07 00:00:00+00:00,PORTLAND TRAIL BLAZERS,115,DETROIT PISTONS,118
2025-01-07 00:00:00+00:00,PHOENIX SUNS,109,PHILADELPHIA 76ERS,99
2025-01-07 00:30:00+00:00,INDIANA PACERS,113,BROOKLYN NETS,99
2025-01-07 00:30:00+00:00,ORLANDO MAGIC,103,NEW YORK KNICKS,94
2025-01-07 00:30:00+00:00,MILWAUKEE BUCKS,128,TORONTO RAPTORS,104
2025-01-07 01:00:00+00:00,SAN ANTONIO SPURS,110,CHICAGO BULLS,114
2025-01-07 01:00:00+00:00,DALLAS MAVERICKS,104,MEMPHIS GRIZZLIES,119
2025-01-07 01:00:00+00:00,LOS ANGELES CLIPPERS,106,MINNESOTA TIMBERWOLVES,108
2025-01-07 03:00:00+00:00,MIAMI HEAT,118,SACRAMENTO KINGS,123
2025-01-08 00:00:00+00:00,PHOENIX SUNS,104,CHARLOTTE HORNETS,115
2025-01-08 00:00:00+00:00,HOUSTON ROCKETS,135,WASHINGTON WIZARDS,112
2025-01-08 00:30:00+00:00,LOS ANGELES LAKERS,97,DALLAS MAVERICKS,118
2025-01-08 01:00:00+00:00,MINNESOTA TIMBERWOLVES,104,NEW ORLEANS PELICANS,97
2025-01-08 02:00:00+00:00,ATLANTA HAWKS,124,UTAH JAZZ,121
2025-01-08 03:00:00+00:00,BOSTON CELTICS,118,DENVER NUGGETS,106
2025-01-08 03:00:00+00:00,MIAMI HEAT,114,GOLDEN STATE WARRIORS,98
2025-01-09 00:00:00+00:00,OKLAHOMA CITY THUNDER,122,CLEVELAND CAVALIERS,129
2025-01-09 00:00:00+00:00,CHICAGO BULLS,113,INDIANA PACERS,129
2025-01-09 00:00:00+00:00,WASHINGTON WIZARDS,103,PHILADELPHIA 76ERS,109
2025-01-09 00:30:00+00:00,DETROIT PISTONS,113,BROOKLYN NETS,98
2025-01-09 00:30:00+00:00,TORONTO RAPTORS,98,NEW YORK KNICKS,112
2025-01-09 01:00:00+00:00,PORTLAND TRAIL BLAZERS,119,NEW ORLEANS PELICANS,100
2025-01-09 02:00:00+00:00,LOS ANGELES CLIPPERS,103,DENVER NUGGETS,126
2025-01-09 02:30:00+00:00,SAN ANTONIO SPURS,105,MILWAUKEE BUCKS,121
2025-01-10 00:00:00+00:00,TORONTO RAPTORS,126,CLEVELAND CAVALIERS,132
2025-01-10 00:00:00+00:00,GOLDEN STATE WARRIORS,107,DETROIT PISTONS,104
2025-01-10 00:00:00+00:00,MINNESOTA TIMBERWOLVES,104,ORLANDO MAGIC,89
2025-01-10 00:30:00+00:00,PORTLAND TRAIL BLAZERS,111,DALLAS MAVERICKS,117
2025-01-10 01:00:00+00:00,HOUSTON ROCKETS,119,MEMPHIS GRIZZLIES,115
2025-01-10 02:00:00+00:00,ATLANTA HAWKS,115,PHOENIX SUNS,123
2025-01-10 02:00:00+00:00,MIAMI HEAT,97,UTAH JAZZ,92
2025-01-11 00:00:00+00:00,GOLDEN STATE WARRIORS,96,INDIANA PACERS,108
2025-01-11 00:00:00+00:00,MILWAUKEE BUCKS,109,ORLANDO MAGIC,106
2025-01-11 00:00:00+00:00,NEW ORLEANS PELICANS,123,PHILADELPHIA 76ERS,115
2025-01-11 00:30:00+00:00,SACRAMENTO KINGS,114,BOSTON CELTICS,97
2025-01-11 00:30:00+00:00,OKLAHOMA CITY THUNDER,126,NEW YORK KNICKS,101
2025-01-11 01:00:00+00:00,WASHINGTON WIZARDS,105,CHICAGO BULLS,138
2025-01-11 02:00:00+00:00,BROOKLYN NETS,105,DENVER NUGGETS,124
2025-01-11 22:00:00+00:00,UTAH JAZZ,106,PHOENIX SUNS,114
2025-01-12 00:00:00+00:00,TORONTO RAPTORS,114,DETROIT PISTONS,123
2025-01-12 01:00:00+00:00,MEMPHIS GRIZZLIES,127,MINNESOTA TIMBERWOLVES,125
2025-01-12 03:00:00+00:00,MIAMI HEAT,119,PORTLAND TRAIL BLAZERS,98
2025-01-12 20:00:00+00:00,DENVER NUGGETS,112,DALLAS MAVERICKS,101
2025-01-12 20:00:00+00:00,MILWAUKEE BUCKS,106,NEW YORK KNICKS,140
2025-01-12 20:30:00+00:00,SACRAMENTO KINGS,124,CHICAGO BULLS,119
2025-01-12 23:00:00+00:00,NEW ORLEANS PELICANS,119,BOSTON CELTICS,120
2025-01-12 23:00:00+00:00,INDIANA PACERS,108,CLEVELAND CAVALIERS,93
2025-01-12 23:00:00+00:00,PHILADELPHIA 76ERS,99,ORLANDO MAGIC,104
2025-01-12 23:00:00+00:00,OKLAHOMA CITY THUNDER,136,WASHINGTON WIZARDS,95
2025-01-13 01:00:00+00:00,BROOKLYN NETS,111,UTAH JAZZ,112
2025-01-13 02:00:00+00:00,CHARLOTTE HORNETS,113,PHOENIX SUNS,120
2025-01-14 00:00:00+00:00,MINNESOTA TIMBERWOLVES,120,WASHINGTON WIZARDS,106
2025-01-14 00:30:00+00:00,DETROIT PISTONS,124,NEW YORK KNICKS,119
2025-01-14 00:30:00+00:00,GOLDEN STATE WARRIORS,101,TORONTO RAPTORS,104
2025-01-14 01:00:00+00:00,MEMPHIS GRIZZLIES,118,HOUSTON ROCKETS,120
2025-01-14 03:30:00+00:00,MIAMI HEAT,98,LOS ANGELES CLIPPERS,109
2025-01-14 03:30:00+00:00,SAN ANTONIO SPURS,126,LOS ANGELES LAKERS,102
2025-01-15 00:00:00+00:00,CLEVELAND CAVALIERS,127,INDIANA PACERS,117
2025-01-15 00:00:00+00:00,OKLAHOMA CITY THUNDER,118,PHILADELPHIA 76ERS,102
2025-01-15 00:30:00+00:00,PHOENIX SUNS,117,ATLANTA HAWKS,122
2025-01-15 01:00:00+00:00,NEW ORLEANS PELICANS,119,CHICAGO BULLS,113
2025-01-15 01:00:00+00:00,SACRAMENTO KINGS,115,MILWAUKEE BUCKS,130
2025-01-15 02:30:00+00:00,DENVER NUGGETS,118,DALLAS MAVERICKS,99
2025-01-15 03:00:00+00:00,BROOKLYN NETS,132,PORTLAND TRAIL BLAZERS,114
2025-01-16 00:00:00+00:00,NEW YORK KNICKS,125,PHILADELPHIA 76ERS,119
2025-01-16 00:30:00+00:00,BOSTON CELTICS,97,TORONTO RAPTORS,110
2025-01-16 01:00:00+00:00,ATLANTA HAWKS,110,CHICAGO BULLS,94
2025-01-16 01:00:00+00:00,ORLANDO MAGIC,93,MILWAUKEE BUCKS,122
2025-01-16 01:00:00+00:00,DALLAS MAVERICKS,116,NEW ORLEANS PELICANS,119
2025-01-16 01:00:00+00:00,MEMPHIS GRIZZLIES,129,SAN ANTONIO SPURS,115
2025-01-16 02:00:00+00:00,HOUSTON ROCKETS,128,DENVER NUGGETS,108
2025-01-16 02:00:00+00:00,CHARLOTTE HORNETS,117,UTAH JAZZ,112
2025-01-16 02:30:00+00:00,GOLDEN STATE WARRIORS,116,MINNESOTA TIMBERWOLVES,115
2025-01-16 03:00:00+00:00,MIAMI HEAT,108,LOS ANGELES LAKERS,117
2025-01-16 03:30:00+00:00,BROOKLYN NETS,67,LOS ANGELES CLIPPERS,126
2025-01-17 00:00:00+00:00,INDIANA PACERS,111,DETROIT PISTONS,100
2025-01-17 00:00:00+00:00,PHOENIX SUNS,130,WASHINGTON WIZARDS,123
2025-01-17 00:30:00+00:00,CLEVELAND CAVALIERS,114,OKLAHOMA CITY THUNDER,134
2025-01-17 03:00:00+00:00,LOS ANGELES CLIPPERS,118,PORTLAND TRAIL BLAZERS,89
2025-01-17 03:00:00+00:00,HOUSTON ROCKETS,127,SACRAMENTO KINGS,132
2025-01-18 00:00:00+00:00,ORLANDO MAGIC,94,BOSTON CELTICS,121
2025-01-18 00:30:00+00:00,MINNESOTA TIMBERWOLVES,116,NEW YORK KNICKS,99
2025-01-18 01:00:00+00:00,CHARLOTTE HORNETS,125,CHICAGO BULLS,123
2025-01-18 01:00:00+00:00,DENVER NUGGETS,133,MIAMI HEAT,113
2025-01-18 01:00:00+00:00,TORONTO RAPTORS,112,MILWAUKEE BUCKS,130
2025-01-18 01:00:00+00:00,UTAH JAZZ,123,NEW ORLEANS PELICANS,136
2025-01-18 01:30:00+00:00,OKLAHOMA CITY THUNDER,98,DALLAS MAVERICKS,106
2025-01-18 02:30:00+00:00,MEMPHIS GRIZZLIES,140,SAN ANTONIO SPURS,112
2025-01-18 03:30:00+00:00,BROOKLYN NETS,101,LOS ANGELES LAKERS,102
2025-01-18 21:00:00+00:00,PHOENIX SUNS,125,DETROIT PISTONS,121
2025-01-19 00:00:00+00:00,ATLANTA HAWKS,119,BOSTON CELTICS,115
2025-01-19 00:00:00+00:00,PHILADELPHIA 76ERS,102,INDIANA PACERS,115
2025-01-19 01:30:00+00:00,WASHINGTON WIZARDS,114,GOLDEN STATE WARRIORS,122
2025-01-19 02:00:00+00:00,CLEVELAND CAVALIERS,124,MINNESOTA TIMBERWOLVES,117
2025-01-19 03:00:00+00:00,HOUSTON ROCKETS,125,PORTLAND TRAIL BLAZERS,103
2025-01-19 20:00:00+00:00,SAN ANTONIO SPURS,107,MIAMI HEAT,128
2025-01-19 23:00:00+00:00,DENVER NUGGETS,113,ORLANDO MAGIC,100
2025-01-20 00:00:00+00:00,PHILADELPHIA 76ERS,109,MILWAUKEE BUCKS,123
2025-01-20 00:00:00+00:00,BROOKLYN NETS,101,OKLAHOMA CITY THUNDER,127
2025-01-20 02:00:00+00:00,LOS ANGELES LAKERS,102,LOS ANGELES CLIPPERS,116
2025-01-20 02:00:00+00:00,CHICAGO BULLS,102,PORTLAND TRAIL BLAZERS,113
2025-01-20 02:00:00+00:00,WASHINGTON WIZARDS,100,SACRAMENTO KINGS,123
2025-01-20 17:00:00+00:00,DALLAS MAVERICKS,105,CHARLOTTE HORNETS,110
2025-01-20 19:00:00+00:00,DETROIT PISTONS,107,HOUSTON ROCKETS,96
2025-01-20 19:30:00+00:00,MINNESOTA TIMBERWOLVES,106,MEMPHIS GRIZZLIES,108
2025-01-20 20:00:00+00:00,ATLANTA HAWKS,110,NEW YORK KNICKS,119
2025-01-20 20:30:00+00:00,PHOENIX SUNS,92,CLEVELAND CAVALIERS,118
2025-01-20 22:00:00+00:00,BOSTON CELTICS,125,GOLDEN STATE WARRIORS,85
2025-01-21 01:00:00+00:00,UTAH JAZZ,119,NEW ORLEANS PELICANS,123
2025-01-21 03:30:00+00:00,CHICAGO BULLS,112,LOS ANGELES CLIPPERS,99
2025-01-22 00:30:00+00:00,NEW YORK KNICKS,99,BROOKLYN NETS,95
2025-01-22 00:30:00+00:00,PORTLAND TRAIL BLAZERS,116,MIAMI HEAT,107
2025-01-22 00:30:00+00:00,ORLANDO MAGIC,93,TORONTO RAPTORS,109
2025-01-22 03:00:00+00:00,PHILADELPHIA 76ERS,109,DENVER NUGGETS,144
2025-01-22 03:30:00+00:00,WASHINGTON WIZARDS,88,LOS ANGELES LAKERS,111
2025-01-23 00:30:00+00:00,DETROIT PISTONS,114,ATLANTA HAWKS,104
2025-01-23 00:30:00+00:00,PHOENIX SUNS,108,BROOKLYN NETS,84
2025-01-23 00:30:00+00:00,MINNESOTA TIMBERWOLVES,115,DALLAS MAVERICKS,114
2025-01-23 01:00:00+00:00,CLEVELAND CAVALIERS,108,HOUSTON ROCKETS,109
2025-01-23 01:00:00+00:00,CHARLOTTE HORNETS,120,MEMPHIS GRIZZLIES,132
2025-01-23 01:00:00+00:00,UTAH JAZZ,114,OKLAHOMA CITY THUNDER,123
2025-01-23 03:00:00+00:00,GOLDEN STATE WARRIORS,117,SACRAMENTO KINGS,123
2025-01-23 03:30:00+00:00,BOSTON CELTICS,117,LOS ANGELES CLIPPERS,113
2025-01-23 19:00:00+00:00,SAN ANTONIO SPURS,140,INDIANA PACERS,110
2025-01-24 00:00:00+00:00,PORTLAND TRAIL BLAZERS,101,ORLANDO MAGIC,79
2025-01-24 00:30:00+00:00,TORONTO RAPTORS,122,ATLANTA HAWKS,119
2025-01-24 01:00:00+00:00,DALLAS MAVERICKS,121,OKLAHOMA CITY THUNDER,115
2025-01-24 01:30:00+00:00,MIAMI HEAT,96,MILWAUKEE BUCKS,125
2025-01-24 02:00:00+00:00,SACRAMENTO KINGS,123,DENVER NUGGETS,132
2025-01-24 03:00:00+00:00,CHICAGO BULLS,106,GOLDEN STATE WARRIORS,131
2025-01-24 03:00:00+00:00,BOSTON CELTICS,96,LOS ANGELES LAKERS,117
2025-01-24 03:30:00+00:00,WASHINGTON WIZARDS,93,LOS ANGELES CLIPPERS,110
2025-01-25 00:00:00+00:00,PORTLAND TRAIL BLAZERS,102,CHARLOTTE HORNETS,97
2025-01-25 00:00:00+00:00,CLEVELAND CAVALIERS,129,PHILADELPHIA 76ERS,132
2025-01-25 01:00:00+00:00,NEW ORLEANS PELICANS,126,MEMPHIS GRIZZLIES,139
2025-01-25 17:00:00+00:00,INDIANA PACERS,136,SAN ANTONIO SPURS,98
2025-01-25 20:00:00+00:00,DENVER NUGGETS,104,MINNESOTA TIMBERWOLVES,133
2025-01-25 22:30:00+00:00,BOSTON CELTICS,122,DALLAS MAVERICKS,107
2025-01-25 23:00:00+00:00,MIAMI HEAT,106,BROOKLYN NETS,97
2025-01-26 00:00:00+00:00,NEW ORLEANS PELICANS,92,CHARLOTTE HORNETS,123
2025-01-26 00:00:00+00:00,DETROIT PISTONS,113,ORLANDO MAGIC,121
2025-01-26 00:30:00+00:00,TORONTO RAPTORS,117,ATLANTA HAWKS,94
2025-01-26 00:30:00+00:00,HOUSTON ROCKETS,135,CLEVELAND CAVALIERS,131
2025-01-26 00:30:00+00:00,SACRAMENTO KINGS,120,NEW YORK KNICKS,143
2025-01-26 01:00:00+00:00,PHILADELPHIA 76ERS,109,CHICAGO BULLS,97
2025-01-26 01:00:00+00:00,UTAH JAZZ,103,MEMPHIS GRIZZLIES,125
2025-01-26 01:30:00+00:00,LOS ANGELES LAKERS,118,GOLDEN STATE WARRIORS,108
2025-01-26 02:00:00+00:00,WASHINGTON WIZARDS,109,PHOENIX SUNS,119
2025-01-26 03:30:00+00:00,MILWAUKEE BUCKS,117,LOS ANGELES CLIPPERS,127
2025-01-26 23:00:00+00:00,OKLAHOMA CITY THUNDER,118,PORTLAND TRAIL BLAZERS,108
2025-01-28 00:00:00+00:00,LOS ANGELES LAKERS,112,CHARLOTTE HORNETS,107
2025-01-28 00:00:00+00:00,DETROIT PISTONS,91,CLEVELAND CAVALIERS,110
2025-01-28 00:30:00+00:00,HOUSTON ROCKETS,114,BOSTON CELTICS,112
2025-01-28 00:30:00+00:00,SACRAMENTO KINGS,110,BROOKLYN NETS,96
2025-01-28 00:30:00+00:00,ORLANDO MAGIC,119,MIAMI HEAT,125
2025-01-28 00:30:00+00:00,MEMPHIS GRIZZLIES,106,NEW YORK KNICKS,143
2025-01-28 00:30:00+00:00,NEW ORLEANS PELICANS,104,TORONTO RAPTORS,113
2025-01-28 01:00:00+00:00,DENVER NUGGETS,121,CHICAGO BULLS,129
2025-01-28 01:00:00+00:00,ATLANTA HAWKS,92,MINNESOTA TIMBERWOLVES,100
2025-01-28 01:30:00+00:00,WASHINGTON WIZARDS,108,DALLAS MAVERICKS,130
2025-01-28 02:00:00+00:00,MILWAUKEE BUCKS,125,UTAH JAZZ,110
2025-01-28 02:30:00+00:00,LOS ANGELES CLIPPERS,109,PHOENIX SUNS,111
2025-01-29 00:30:00+00:00,HOUSTON ROCKETS,100,ATLANTA HAWKS,96
2025-01-29 00:30:00+00:00,LOS ANGELES LAKERS,104,PHILADELPHIA 76ERS,118
2025-01-29 03:00:00+00:00,UTAH JAZZ,103,GOLDEN STATE WARRIORS,114
2025-01-29 03:00:00+00:00,MILWAUKEE BUCKS,112,PORTLAND TRAIL BLAZERS,125
2025-01-30 00:00:00+00:00,BROOKLYN NETS,104,CHARLOTTE HORNETS,83
2025-01-30 00:00:00+00:00,DETROIT PISTONS,119,INDIANA PACERS,133
2025-01-30 00:00:00+00:00,TORONTO RAPTORS,106,WASHINGTON WIZARDS,82
2025-01-30 00:30:00+00:00,CHICAGO BULLS,100,BOSTON CELTICS,122
2025-01-30 00:30:00+00:00,CLEVELAND CAVALIERS,126,MIAMI HEAT,106
2025-01-30 00:30:00+00:00,DENVER NUGGETS,112,NEW YORK KNICKS,122
2025-01-30 00:30:00+00:00,SACRAMENTO KINGS,104,PHILADELPHIA 76ERS,117
2025-01-30 01:00:00+00:00,DALLAS MAVERICKS,137,NEW ORLEANS PELICANS,136
2025-01-30 01:00:00+00:00,LOS ANGELES CLIPPERS,128,SAN ANTONIO SPURS,116
2025-01-30 02:00:00+00:00,MINNESOTA TIMBERWOLVES,121,PHOENIX SUNS,113
2025-01-30 03:00:00+00:00,OKLAHOMA CITY THUNDER,109,GOLDEN STATE WARRIORS,116
2025-01-31 00:00:00+00:00,ATLANTA HAWKS,115,CLEVELAND CAVALIERS,137
2025-01-31 00:00:00+00:00,LOS ANGELES LAKERS,134,WASHINGTON WIZARDS,96
2025-01-31 02:00:00+00:00,MINNESOTA TIMBERWOLVES,138,UTAH JAZZ,113
2025-01-31 02:30:00+00:00,HOUSTON ROCKETS,119,MEMPHIS GRIZZLIES,120
2025-01-31 03:00:00+00:00,ORLANDO MAGIC,90,PORTLAND TRAIL BLAZERS,119
2025-02-01 00:00:00+00:00,LOS ANGELES CLIPPERS,112,CHARLOTTE HORNETS,104
2025-02-01 00:00:00+00:00,DALLAS MAVERICKS,102,DETROIT PISTONS,117
2025-02-01 00:30:00+00:00,DENVER NUGGETS,137,PHILADELPHIA 76ERS,134
2025-02-01 00:30:00+00:00,CHICAGO BULLS,122,TORONTO RAPTORS,106
2025-02-01 01:00:00+00:00,BOSTON CELTICS,118,NEW ORLEANS PELICANS,116
2025-02-01 01:00:00+00:00,MILWAUKEE BUCKS,118,SAN ANTONIO SPURS,144
2025-02-01 03:00:00+00:00,PHOENIX SUNS,130,GOLDEN STATE WARRIORS,105
2025-02-01 22:00:00+00:00,ATLANTA HAWKS,127,INDIANA PACERS,132
2025-02-01 22:00:00+00:00,ORLANDO MAGIC,99,UTAH JAZZ,113
2025-02-02 00:00:00+00:00,DENVER NUGGETS,107,CHARLOTTE HORNETS,104
2025-02-02 01:00:00+00:00,BROOKLYN NETS,110,HOUSTON ROCKETS,98
2025-02-02 01:00:00+00:00,WASHINGTON WIZARDS,105,MINNESOTA TIMBERWOLVES,103
2025-02-02 01:00:00+00:00,SACRAMENTO KINGS,110,OKLAHOMA CITY THUNDER,144
2025-02-02 01:30:00+00:00,LOS ANGELES LAKERS,128,NEW YORK KNICKS,112
2025-02-02 01:30:00+00:00,MIAMI HEAT,105,SAN ANTONIO SPURS,103
2025-02-02 03:00:00+00:00,PHOENIX SUNS,108,PORTLAND TRAIL BLAZERS,127
2025-02-02 20:00:00+00:00,CHICAGO BULLS,119,DETROIT PISTONS,127
2025-02-02 20:30:00+00:00,DALLAS MAVERICKS,101,CLEVELAND CAVALIERS,144
2025-02-02 20:30:00+00:00,LOS ANGELES CLIPPERS,108,TORONTO RAPTORS,115
2025-02-02 23:00:00+00:00,BOSTON CELTICS,118,PHILADELPHIA 76ERS,110
2025-02-03 01:30:00+00:00,MEMPHIS GRIZZLIES,132,MILWAUKEE BUCKS,119
2025-02-04 00:00:00+00:00,WASHINGTON WIZARDS,124,CHARLOTTE HORNETS,114
2025-02-04 00:00:00+00:00,ATLANTA HAWKS,132,DETROIT PISTONS,130
2025-02-04 00:30:00+00:00,HOUSTON ROCKETS,118,NEW YORK KNICKS,124
2025-02-04 01:00:00+00:00,SAN ANTONIO SPURS,109,MEMPHIS GRIZZLIES,128
2025-02-04 01:00:00+00:00,SACRAMENTO KINGS,116,MINNESOTA TIMBERWOLVES,114
2025-02-04 01:00:00+00:00,MILWAUKEE BUCKS,96,OKLAHOMA CITY THUNDER,125
2025-02-04 02:00:00+00:00,NEW ORLEANS PELICANS,113,DENVER NUGGETS,125
2025-02-04 02:00:00+00:00,INDIANA PACERS,112,UTAH JAZZ,111
2025-02-04 03:00:00+00:00,ORLANDO MAGIC,99,GOLDEN STATE WARRIORS,104
2025-02-04 03:00:00+00:00,PHOENIX SUNS,119,PORTLAND TRAIL BLAZERS,121
2025-02-05 00:00:00+00:00,DALLAS MAVERICKS,116,PHILADELPHIA 76ERS,118
2025-02-05 00:30:00+00:00,HOUSTON ROCKETS,97,BROOKLYN NETS,99
2025-02-05 00:30:00+00:00,BOSTON CELTICS,112,CLEVELAND CAVALIERS,105
2025-02-05 00:30:00+00:00,NEW YORK KNICKS,121,TORONTO RAPTORS,115
2025-02-05 01:00:00+00:00,MIAMI HEAT,124,CHICAGO BULLS,133
2025-02-05 03:00:00+00:00,LOS ANGELES LAKERS,122,LOS ANGELES CLIPPERS,97
2025-02-05 03:00:00+00:00,INDIANA PACERS,89,PORTLAND TRAIL BLAZERS,112
2025-02-06 00:00:00+00:00,SAN ANTONIO SPURS,126,ATLANTA HAWKS,125
2025-02-06 00:00:00+00:00,MILWAUKEE BUCKS,112,CHARLOTTE HORNETS,102
2025-02-06 00:00:00+00:00,CLEVELAND CAVALIERS,118,DETROIT PISTONS,115
2025-02-06 00:30:00+00:00,WASHINGTON WIZARDS,119,BROOKLYN NETS,102
2025-02-06 00:30:00+00:00,MIAMI HEAT,108,PHILADELPHIA 76ERS,101
2025-02-06 00:30:00+00:00,MEMPHIS GRIZZLIES,138,TORONTO RAPTORS,107
2025-02-06 01:00:00+00:00,CHICAGO BULLS,108,MINNESOTA TIMBERWOLVES,127
2025-02-06 02:00:00+00:00,NEW ORLEANS PELICANS,119,DENVER NUGGETS,144
2025-02-06 02:00:00+00:00,GOLDEN STATE WARRIORS,128,UTAH JAZZ,131
2025-02-06 02:30:00+00:00,PHOENIX SUNS,109,OKLAHOMA CITY THUNDER,140
2025-02-06 03:00:00+00:00,ORLANDO MAGIC,130,SACRAMENTO KINGS,111
2025-02-07 00:30:00+00:00,DALLAS MAVERICKS,127,BOSTON CELTICS,120
2025-02-07 01:00:00+00:00,HOUSTON ROCKETS,114,MINNESOTA TIMBERWOLVES,127
2025-02-07 02:00:00+00:00,ORLANDO MAGIC,90,DENVER NUGGETS,112
2025-02-07 03:00:00+00:00,GOLDEN STATE WARRIORS,112,LOS ANGELES LAKERS,120
2025-02-07 03:00:00+00:00,SACRAMENTO KINGS,102,PORTLAND TRAIL BLAZERS,108
2025-02-07 03:30:00+00:00,INDIANA PACERS,119,LOS ANGELES CLIPPERS,112
2025-02-08 00:00:00+00:00,SAN ANTONIO SPURS,116,CHARLOTTE HORNETS,117
2025-02-08 00:00:00+00:00,CLEVELAND CAVALIERS,134,WASHINGTON WIZARDS,124
2025-02-08 00:30:00+00:00,MILWAUKEE BUCKS,110,ATLANTA HAWKS,115
2025-02-08 00:30:00+00:00,MIAMI HEAT,86,BROOKLYN NETS,102
2025-02-08 00:30:00+00:00,PHILADELPHIA 76ERS,112,DETROIT PISTONS,125
2025-02-08 01:00:00+00:00,TORONTO RAPTORS,109,OKLAHOMA CITY THUNDER,121
2025-02-08 03:00:00+00:00,UTAH JAZZ,127,PHOENIX SUNS,135
2025-02-08 20:00:00+00:00,HOUSTON ROCKETS,105,DALLAS MAVERICKS,116
2025-02-08 21:00:00+00:00,INDIANA PACERS,117,LOS ANGELES LAKERS,124
2025-02-09 00:00:00+00:00,SAN ANTONIO SPURS,111,ORLANDO MAGIC,112
2025-02-09 00:00:00+00:00,ATLANTA HAWKS,125,WASHINGTON WIZARDS,111
2025-02-09 01:00:00+00:00,GOLDEN STATE WARRIORS,132,CHICAGO BULLS,111
2025-02-09 01:00:00+00:00,OKLAHOMA CITY THUNDER,125,MEMPHIS GRIZZLIES,112
2025-02-09 01:00:00+00:00,PORTLAND TRAIL BLAZERS,98,MINNESOTA TIMBERWOLVES,114
2025-02-09 01:30:00+00:00,BOSTON CELTICS,131,NEW YORK KNICKS,104
2025-02-09 02:00:00+00:00,DENVER NUGGETS,122,PHOENIX SUNS,105
2025-02-09 03:00:00+00:00,NEW ORLEANS PELICANS,118,SACRAMENTO KINGS,123
2025-02-09 03:30:00+00:00,UTAH JAZZ,110,LOS ANGELES CLIPPERS,130
2025-02-09 18:00:00+00:00,CHARLOTTE HORNETS,102,DETROIT PISTONS,112
2025-02-09 19:00:00+00:00,TORONTO RAPTORS,87,HOUSTON ROCKETS,94
2025-02-09 19:00:00+00:00,PHILADELPHIA 76ERS,127,MILWAUKEE BUCKS,135
2025-02-11 00:00:00+00:00,MINNESOTA TIMBERWOLVES,107,CLEVELAND CAVALIERS,128
2025-02-11 00:00:00+00:00,ATLANTA HAWKS,112,ORLANDO MAGIC,106
2025-02-11 00:00:00+00:00,SAN ANTONIO SPURS,131,WASHINGTON WIZARDS,121
2025-02-11 00:30:00+00:00,CHARLOTTE HORNETS,89,BROOKLYN NETS,97
2025-02-11 00:30:00+00:00,BOSTON CELTICS,103,MIAMI HEAT,85
2025-02-11 01:00:00+00:00,GOLDEN STATE WARRIORS,125,MILWAUKEE BUCKS,111
2025-02-11 01:00:00+00:00,NEW ORLEANS PELICANS,101,OKLAHOMA CITY THUNDER,137
2025-02-11 01:30:00+00:00,SACRAMENTO KINGS,129,DALLAS MAVERICKS,128
2025-02-11 02:00:00+00:00,PORTLAND TRAIL BLAZERS,117,DENVER NUGGETS,146
2025-02-11 03:30:00+00:00,UTAH JAZZ,113,LOS ANGELES LAKERS,132
2025-02-12 00:00:00+00:00,TORONTO RAPTORS,106,PHILADELPHIA 76ERS,103
2025-02-12 00:30:00+00:00,NEW YORK KNICKS,128,INDIANA PACERS,115
2025-02-12 01:00:00+00:00,DETROIT PISTONS,132,CHICAGO BULLS,92
2025-02-12 03:00:00+00:00,MEMPHIS GRIZZLIES,119,PHOENIX SUNS,112
2025-02-13 00:00:00+00:00,SAN ANTONIO SPURS,103,BOSTON CELTICS,116
2025-02-13 00:00:00+00:00,CHARLOTTE HORNETS,86,ORLANDO MAGIC,102
2025-02-13 00:00:00+00:00,INDIANA PACERS,134,WASHINGTON WIZARDS,130
2025-02-13 00:30:00+00:00,PHILADELPHIA 76ERS,96,BROOKLYN NETS,100
2025-02-13 00:30:00+00:00,ATLANTA HAWKS,148,NEW YORK KNICKS,149
2025-02-13 00:30:00+00:00,CLEVELAND CAVALIERS,131,TORONTO RAPTORS,108
2025-02-13 01:00:00+00:00,DETROIT PISTONS,128,CHICAGO BULLS,110
2025-02-13 01:00:00+00:00,MILWAUKEE BUCKS,103,MINNESOTA TIMBERWOLVES,101
2025-02-13 01:00:00+00:00,SACRAMENTO KINGS,119,NEW ORLEANS PELICANS,111
2025-02-13 01:00:00+00:00,MIAMI HEAT,101,OKLAHOMA CITY THUNDER,115
2025-02-13 01:30:00+00:00,PHOENIX SUNS,111,HOUSTON ROCKETS,119
2025-02-13 02:00:00+00:00,PORTLAND TRAIL BLAZERS,121,DENVER NUGGETS,132
2025-02-13 02:00:00+00:00,LOS ANGELES LAKERS,119,UTAH JAZZ,131
2025-02-13 02:30:00+00:00,GOLDEN STATE WARRIORS,107,DALLAS MAVERICKS,111
2025-02-13 03:30:00+00:00,MEMPHIS GRIZZLIES,114,LOS ANGELES CLIPPERS,128
2025-02-14 01:00:00+00:00,GOLDEN STATE WARRIORS,105,HOUSTON ROCKETS,98
2025-02-14 01:00:00+00:00,SACRAMENTO KINGS,133,NEW ORLEANS PELICANS,140
2025-02-14 01:30:00+00:00,MIAMI HEAT,113,DALLAS MAVERICKS,118
2025-02-14 01:30:00+00:00,OKLAHOMA CITY THUNDER,101,MINNESOTA TIMBERWOLVES,116
2025-02-14 02:00:00+00:00,LOS ANGELES CLIPPERS,120,UTAH JAZZ,116
2025-02-20 03:00:00+00:00,CHARLOTTE HORNETS,100,LOS ANGELES LAKERS,97
2025-02-21 00:00:00+00:00,MEMPHIS GRIZZLIES,113,INDIANA PACERS,127
2025-02-21 00:00:00+00:00,BOSTON CELTICS,124,PHILADELPHIA 76ERS,104
2025-02-21 00:30:00+00:00,ORLANDO MAGIC,114,ATLANTA HAWKS,108
2025-02-21 00:30:00+00:00,CLEVELAND CAVALIERS,110,BROOKLYN NETS,97
2025-02-21 00:30:00+00:00,CHICAGO BULLS,111,NEW YORK KNICKS,113
2025-02-21 01:00:00+00:00,LOS ANGELES CLIPPERS,110,MILWAUKEE BUCKS,116
2025-02-21 02:00:00+00:00,CHARLOTTE HORNETS,115,DENVER NUGGETS,129
2025-02-21 02:30:00+00:00,PHOENIX SUNS,109,SAN ANTONIO SPURS,120
2025-02-21 03:00:00+00:00,LOS ANGELES LAKERS,110,PORTLAND TRAIL BLAZERS,102
2025-02-22 00:00:00+00:00,NEW YORK KNICKS,105,CLEVELAND CAVALIERS,142
2025-02-22 00:00:00+00:00,MEMPHIS GRIZZLIES,105,ORLANDO MAGIC,104
2025-02-22 00:00:00+00:00,MILWAUKEE BUCKS,104,WASHINGTON WIZARDS,101
2025-02-22 00:30:00+00:00,MIAMI HEAT,120,TORONTO RAPTORS,111
2025-02-22 01:30:00+00:00,NEW ORLEANS PELICANS,103,DALLAS MAVERICKS,111
2025-02-22 01:30:00+00:00,DETROIT PISTONS,125,SAN ANTONIO SPURS,110
2025-02-22 02:30:00+00:00,MINNESOTA TIMBERWOLVES,115,HOUSTON ROCKETS,121
2025-02-22 02:30:00+00:00,OKLAHOMA CITY THUNDER,130,UTAH JAZZ,107
2025-02-22 03:00:00+00:00,GOLDEN STATE WARRIORS,132,SACRAMENTO KINGS,108
2025-02-22 22:00:00+00:00,PHOENIX SUNS,121,CHICAGO BULLS,117
2025-02-23 00:30:00+00:00,BROOKLYN NETS,105,PHILADELPHIA 76ERS,103
2025-02-23 01:30:00+00:00,LOS ANGELES LAKERS,123,DENVER NUGGETS,100
2025-02-23 02:30:00+00:00,HOUSTON ROCKETS,115,UTAH JAZZ,124
2025-02-23 03:00:00+00:00,CHARLOTTE HORNETS,88,PORTLAND TRAIL BLAZERS,141
2025-02-23 18:00:00+00:00,NEW YORK KNICKS,105,BOSTON CELTICS,118
2025-02-23 20:30:00+00:00,DALLAS MAVERICKS,102,GOLDEN STATE WARRIORS,126
2025-02-23 22:00:00+00:00,LOS ANGELES CLIPPERS,111,INDIANA PACERS,129
2025-02-23 23:00:00+00:00,DETROIT PISTONS,148,ATLANTA HAWKS,143
2025-02-23 23:00:00+00:00,MIAMI HEAT,113,MILWAUKEE BUCKS,120
2025-02-23 23:00:00+00:00,WASHINGTON WIZARDS,90,ORLANDO MAGIC,110
2025-02-23 23:00:00+00:00,PHOENIX SUNS,109,TORONTO RAPTORS,127
2025-02-24 00:00:00+00:00,MEMPHIS GRIZZLIES,123,CLEVELAND CAVALIERS,129
2025-02-24 00:00:00+00:00,SAN ANTONIO SPURS,96,NEW ORLEANS PELICANS,114
2025-02-24 02:30:00+00:00,OKLAHOMA CITY THUNDER,130,MINNESOTA TIMBERWOLVES,123
2025-02-25 00:00:00+00:00,LOS ANGELES CLIPPERS,97,DETROIT PISTONS,106
2025-02-25 00:00:00+00:00,DENVER NUGGETS,125,INDIANA PACERS,116
2025-02-25 00:00:00+00:00,CHICAGO BULLS,142,PHILADELPHIA 76ERS,110
2025-02-25 00:00:00+00:00,BROOKLYN NETS,99,WASHINGTON WIZARDS,107
2025-02-25 00:30:00+00:00,MIAMI HEAT,86,ATLANTA HAWKS,98
2025-02-25 01:00:00+00:00,MINNESOTA TIMBERWOLVES,131,OKLAHOMA CITY THUNDER,128
2025-02-25 02:00:00+00:00,PORTLAND TRAIL BLAZERS,114,UTAH JAZZ,112
2025-02-25 03:00:00+00:00,CHARLOTTE HORNETS,88,SACRAMENTO KINGS,130
2025-02-26 00:00:00+00:00,BOSTON CELTICS,111,TORONTO RAPTORS,101
2025-02-26 00:30:00+00:00,CLEVELAND CAVALIERS,122,ORLANDO MAGIC,82
2025-02-26 01:00:00+00:00,MILWAUKEE BUCKS,97,HOUSTON ROCKETS,100
2025-02-26 01:00:00+00:00,PHOENIX SUNS,148,MEMPHIS GRIZZLIES,151
2025-02-26 01:00:00+00:00,SAN ANTONIO SPURS,103,NEW ORLEANS PELICANS,109
2025-02-26 03:00:00+00:00,CHARLOTTE HORNETS,92,GOLDEN STATE WARRIORS,128
2025-02-26 03:00:00+00:00,DALLAS MAVERICKS,99,LOS ANGELES LAKERS,107
2025-02-27 00:00:00+00:00,BOSTON CELTICS,97,DETROIT PISTONS,117
2025-02-27 00:00:00+00:00,TORONTO RAPTORS,91,INDIANA PACERS,111
2025-02-27 00:00:00+00:00,PHILADELPHIA 76ERS,105,NEW YORK KNICKS,110
2025-02-27 00:00:00+00:00,PORTLAND TRAIL BLAZERS,129,WASHINGTON WIZARDS,121
2025-02-27 00:30:00+00:00,OKLAHOMA CITY THUNDER,129,BROOKLYN NETS,121
2025-02-27 00:30:00+00:00,ATLANTA HAWKS,109,MIAMI HEAT,131
2025-02-27 01:00:00+00:00,LOS ANGELES CLIPPERS,122,CHICAGO BULLS,117
2025-02-27 02:00:00+00:00,SACRAMENTO KINGS,118,UTAH JAZZ,101
2025-02-27 02:30:00+00:00,SAN ANTONIO SPURS,106,HOUSTON ROCKETS,118
2025-02-28 00:00:00+00:00,GOLDEN STATE WARRIORS,121,ORLANDO MAGIC,115
2025-02-28 01:00:00+00:00,DENVER NUGGETS,112,MILWAUKEE BUCKS,121
2025-02-28 01:30:00+00:00,CHARLOTTE HORNETS,96,DALLAS MAVERICKS,103
2025-02-28 02:00:00+00:00,NEW ORLEANS PELICANS,124,PHOENIX SUNS,116
2025-02-28 03:30:00+00:00,MINNESOTA TIMBERWOLVES,102,LOS ANGELES LAKERS,111
2025-03-01 00:00:00+00:00,DENVER NUGGETS,134,DETROIT PISTONS,119
2025-03-01 00:30:00+00:00,OKLAHOMA CITY THUNDER,135,ATLANTA HAWKS,119
2025-03-01 00:30:00+00:00,CLEVELAND CAVALIERS,123,BOSTON CELTICS,116
2025-03-01 00:30:00+00:00,PORTLAND TRAIL BLAZERS,121,BROOKLYN NETS,102
2025-03-01 01:00:00+00:00,TORONTO RAPTORS,115,CHICAGO BULLS,125
2025-03-01 01:00:00+00:00,NEW YORK KNICKS,114,MEMPHIS GRIZZLIES,113
2025-03-01 01:00:00+00:00,INDIANA PACERS,120,MIAMI HEAT,125
2025-03-01 02:00:00+00:00,NEW ORLEANS PELICANS,108,PHOENIX SUNS,125
2025-03-01 02:30:00+00:00,MINNESOTA TIMBERWOLVES,116,UTAH JAZZ,117
2025-03-01 03:00:00+00:00,LOS ANGELES CLIPPERS,102,LOS ANGELES LAKERS,106
2025-03-01 23:00:00+00:00,WASHINGTON WIZARDS,113,CHARLOTTE HORNETS,100
2025-03-02 00:00:00+00:00,BROOKLYN NETS,94,DETROIT PISTONS,115
2025-03-02 01:00:00+00:00,SACRAMENTO KINGS,113,HOUSTON ROCKETS,103
2025-03-02 01:00:00+00:00,SAN ANTONIO SPURS,130,MEMPHIS GRIZZLIES,128
2025-03-02 01:30:00+00:00,MILWAUKEE BUCKS,132,DALLAS MAVERICKS,117
2025-03-02 01:30:00+00:00,GOLDEN STATE WARRIORS,119,PHILADELPHIA 76ERS,126
2025-03-02 18:00:00+00:00,DENVER NUGGETS,103,BOSTON CELTICS,110
2025-03-02 20:30:00+00:00,PORTLAND TRAIL BLAZERS,129,CLEVELAND CAVALIERS,133
2025-03-02 22:00:00+00:00,CHICAGO BULLS,112,INDIANA PACERS,127
2025-03-02 23:00:00+00:00,NEW YORK KNICKS,116,MIAMI HEAT,112
2025-03-02 23:00:00+00:00,TORONTO RAPTORS,104,ORLANDO MAGIC,102
2025-03-03 00:00:00+00:00,OKLAHOMA CITY THUNDER,146,SAN ANTONIO SPURS,132
2025-03-03 01:00:00+00:00,NEW ORLEANS PELICANS,128,UTAH JAZZ,121
2025-03-03 02:30:00+00:00,LOS ANGELES CLIPPERS,102,LOS ANGELES LAKERS,108
2025-03-03 02:30:00+00:00,MINNESOTA TIMBERWOLVES,116,PHOENIX SUNS,98
2025-03-04 00:00:00+00:00,GOLDEN STATE WARRIORS,119,CHARLOTTE HORNETS,101
2025-03-04 00:00:00+00:00,PORTLAND TRAIL BLAZERS,119,PHILADELPHIA 76ERS,102
2025-03-04 00:30:00+00:00,WASHINGTON WIZARDS,90,MIAMI HEAT,106
2025-03-04 01:00:00+00:00,ATLANTA HAWKS,132,MEMPHIS GRIZZLIES,130
2025-03-04 01:00:00+00:00,HOUSTON ROCKETS,128,OKLAHOMA CITY THUNDER,137
2025-03-04 01:30:00+00:00,SACRAMENTO KINGS,122,DALLAS MAVERICKS,98
2025-03-04 02:00:00+00:00,DETROIT PISTONS,134,UTAH JAZZ,106
2025-03-05 00:00:00+00:00,HOUSTON ROCKETS,102,INDIANA PACERS,115
2025-03-05 00:00:00+00:00,TORONTO RAPTORS,114,ORLANDO MAGIC,113
2025-03-05 00:30:00+00:00,MILWAUKEE BUCKS,127,ATLANTA HAWKS,121
2025-03-05 00:30:00+00:00,GOLDEN STATE WARRIORS,114,NEW YORK KNICKS,102
2025-03-05 01:00:00+00:00,CLEVELAND CAVALIERS,139,CHICAGO BULLS,117
2025-03-05 01:00:00+00:00,PHILADELPHIA 76ERS,112,MINNESOTA TIMBERWOLVES,126
2025-03-05 01:30:00+00:00,BROOKLYN NETS,113,SAN ANTONIO SPURS,127
2025-03-05 03:00:00+00:00,LOS ANGELES CLIPPERS,117,PHOENIX SUNS,119
2025-03-05 03:30:00+00:00,NEW ORLEANS PELICANS,115,LOS ANGELES LAKERS,136
2025-03-06 00:00:00+00:00,PORTLAND TRAIL BLAZERS,118,BOSTON CELTICS,128
2025-03-06 00:00:00+00:00,MINNESOTA TIMBERWOLVES,125,CHARLOTTE HORNETS,110
2025-03-06 00:00:00+00:00,MIAMI HEAT,107,CLEVELAND CAVALIERS,112
2025-03-06 00:00:00+00:00,UTAH JAZZ,122,WASHINGTON WIZARDS,125
2025-03-06 01:00:00+00:00,DALLAS MAVERICKS,107,MILWAUKEE BUCKS,137
2025-03-06 02:00:00+00:00,SACRAMENTO KINGS,110,DENVER NUGGETS,116
2025-03-06 02:30:00+00:00,OKLAHOMA CITY THUNDER,120,MEMPHIS GRIZZLIES,103
2025-03-06 03:30:00+00:00,DETROIT PISTONS,115,LOS ANGELES CLIPPERS,123
2025-03-07 00:00:00+00:00,CHICAGO BULLS,125,ORLANDO MAGIC,123
2025-03-07 00:30:00+00:00,INDIANA PACERS,118,ATLANTA HAWKS,124
2025-03-07 00:30:00+00:00,PHILADELPHIA 76ERS,105,BOSTON CELTICS,123
2025-03-07 00:30:00+00:00,GOLDEN STATE WARRIORS,121,BROOKLYN NETS,119
2025-03-07 01:00:00+00:00,HOUSTON ROCKETS,109,NEW ORLEANS PELICANS,97
2025-03-07 03:00:00+00:00,NEW YORK KNICKS,109,LOS ANGELES LAKERS,113
2025-03-08 00:00:00+00:00,CLEVELAND CAVALIERS,118,CHARLOTTE HORNETS,117
2025-03-08 00:30:00+00:00,MEMPHIS GRIZZLIES,122,DALLAS MAVERICKS,111
2025-03-08 00:30:00+00:00,UTAH JAZZ,109,TORONTO RAPTORS,118
2025-03-08 01:00:00+00:00,MINNESOTA TIMBERWOLVES,106,MIAMI HEAT,104
2025-03-08 01:00:00+00:00,PORTLAND TRAIL BLAZERS,89,OKLAHOMA CITY THUNDER,107
2025-03-08 03:00:00+00:00,PHOENIX SUNS,141,DENVER NUGGETS,149
2025-03-08 03:00:00+00:00,SAN ANTONIO SPURS,109,SACRAMENTO KINGS,127
2025-03-08 03:30:00+00:00,NEW YORK KNICKS,95,LOS ANGELES CLIPPERS,105
2025-03-08 23:00:00+00:00,BROOKLYN NETS,102,CHARLOTTE HORNETS,105
2025-03-09 00:00:00+00:00,NEW ORLEANS PELICANS,117,HOUSTON ROCKETS,146
2025-03-09 00:30:00+00:00,INDIANA PACERS,118,ATLANTA HAWKS,120
2025-03-09 00:30:00+00:00,WASHINGTON WIZARDS,118,TORONTO RAPTORS,117
2025-03-09 01:00:00+00:00,CHICAGO BULLS,114,MIAMI HEAT,109
2025-03-09 01:00:00+00:00,ORLANDO MAGIC,111,MILWAUKEE BUCKS,109
2025-03-09 01:30:00+00:00,LOS ANGELES LAKERS,101,BOSTON CELTICS,111
2025-03-09 01:30:00+00:00,DETROIT PISTONS,110,GOLDEN STATE WARRIORS,115
2025-03-09 17:00:00+00:00,DENVER NUGGETS,103,OKLAHOMA CITY THUNDER,127
2025-03-09 19:30:00+00:00,PHOENIX SUNS,125,DALLAS MAVERICKS,116
2025-03-09 23:00:00+00:00,MEMPHIS GRIZZLIES,107,NEW ORLEANS PELICANS,104
2025-03-09 23:30:00+00:00,UTAH JAZZ,122,PHILADELPHIA 76ERS,126
2025-03-10 00:00:00+00:00,CLEVELAND CAVALIERS,112,MILWAUKEE BUCKS,100
2025-03-10 00:00:00+00:00,SAN ANTONIO SPURS,124,MINNESOTA TIMBERWOLVES,141
2025-03-10 01:00:00+00:00,DETROIT PISTONS,119,PORTLAND TRAIL BLAZERS,112
2025-03-10 01:30:00+00:00,SACRAMENTO KINGS,110,LOS ANGELES CLIPPERS,111
2025-03-10 23:30:00+00:00,PHILADELPHIA 76ERS,123,ATLANTA HAWKS,132
2025-03-10 23:30:00+00:00,UTAH JAZZ,108,BOSTON CELTICS,114
2025-03-10 23:30:00+00:00,LOS ANGELES LAKERS,108,BROOKLYN NETS,111
2025-03-10 23:30:00+00:00,CHARLOTTE HORNETS,105,MIAMI HEAT,102
2025-03-10 23:30:00+00:00,WASHINGTON WIZARDS,104,TORONTO RAPTORS,119
2025-03-11 00:00:00+00:00,INDIANA PACERS,103,CHICAGO BULLS,121
2025-03-11 00:00:00+00:00,ORLANDO MAGIC,84,HOUSTON ROCKETS,97
2025-03-11 00:00:00+00:00,PHOENIX SUNS,118,MEMPHIS GRIZZLIES,120
2025-03-11 00:00:00+00:00,DENVER NUGGETS,140,OKLAHOMA CITY THUNDER,127
2025-03-11 00:30:00+00:00,DALLAS MAVERICKS,133,SAN ANTONIO SPURS,129
2025-03-11 02:00:00+00:00,PORTLAND TRAIL BLAZERS,120,GOLDEN STATE WARRIORS,130
2025-03-11 02:30:00+00:00,NEW YORK KNICKS,133,SACRAMENTO KINGS,104
2025-03-11 23:00:00+00:00,BROOKLYN NETS,104,CLEVELAND CAVALIERS,109
2025-03-11 23:00:00+00:00,WASHINGTON WIZARDS,103,DETROIT PISTONS,123
2025-03-11 23:30:00+00:00,MILWAUKEE BUCKS,114,INDIANA PACERS,115
2025-03-12 00:00:00+00:00,LOS ANGELES CLIPPERS,120,NEW ORLEANS PELICANS,127
2025-03-12 23:30:00+00:00,CHARLOTTE HORNETS,110,ATLANTA HAWKS,123
2025-03-12 23:30:00+00:00,OKLAHOMA CITY THUNDER,118,BOSTON CELTICS,112
2025-03-12 23:30:00+00:00,PHILADELPHIA 76ERS,105,TORONTO RAPTORS,118
2025-03-13 00:00:00+00:00,PHOENIX SUNS,104,HOUSTON ROCKETS,111
2025-03-13 00:00:00+00:00,UTAH JAZZ,115,MEMPHIS GRIZZLIES,122
2025-03-13 00:00:00+00:00,LOS ANGELES CLIPPERS,119,MIAMI HEAT,104
2025-03-13 00:00:00+00:00,DALLAS MAVERICKS,116,SAN ANTONIO SPURS,126
2025-03-13 02:00:00+00:00,MINNESOTA TIMBERWOLVES,115,DENVER NUGGETS,95
2025-03-13 02:00:00+00:00,NEW YORK KNICKS,114,PORTLAND TRAIL BLAZERS,113
2025-03-13 23:00:00+00:00,WASHINGTON WIZARDS,129,DETROIT PISTONS,125
2025-03-13 23:30:00+00:00,LOS ANGELES LAKERS,106,MILWAUKEE BUCKS,126
2025-03-14 00:00:00+00:00,BROOKLYN NETS,110,CHICAGO BULLS,116
2025-03-14 00:00:00+00:00,ORLANDO MAGIC,113,NEW ORLEANS PELICANS,93
2025-03-14 02:00:00+00:00,SACRAMENTO KINGS,104,GOLDEN STATE WARRIORS,130
2025-03-14 23:00:00+00:00,BOSTON CELTICS,103,MIAMI HEAT,91
2025-03-14 23:00:00+00:00,INDIANA PACERS,112,PHILADELPHIA 76ERS,100
2025-03-14 23:30:00+00:00,LOS ANGELES CLIPPERS,121,ATLANTA HAWKS,98
2025-03-15 00:00:00+00:00,DALLAS MAVERICKS,96,HOUSTON ROCKETS,133
2025-03-15 00:00:00+00:00,CLEVELAND CAVALIERS,133,MEMPHIS GRIZZLIES,124
2025-03-15 00:00:00+00:00,ORLANDO MAGIC,111,MINNESOTA TIMBERWOLVES,118
2025-03-15 00:00:00+00:00,CHARLOTTE HORNETS,145,SAN ANTONIO SPURS,134
2025-03-15 01:30:00+00:00,LOS ANGELES LAKERS,126,DENVER NUGGETS,131
2025-03-15 01:30:00+00:00,TORONTO RAPTORS,126,UTAH JAZZ,118
2025-03-15 02:00:00+00:00,SACRAMENTO KINGS,106,PHOENIX SUNS,122
2025-03-15 22:00:00+00:00,BOSTON CELTICS,115,BROOKLYN NETS,113
2025-03-15 23:00:00+00:00,OKLAHOMA CITY THUNDER,113,DETROIT PISTONS,107
2025-03-16 00:00:00+00:00,CHICAGO BULLS,114,HOUSTON ROCKETS,117
2025-03-16 00:00:00+00:00,MIAMI HEAT,91,MEMPHIS GRIZZLIES,125
2025-03-16 00:00:00+00:00,INDIANA PACERS,119,MILWAUKEE BUCKS,126
2025-03-16 00:30:00+00:00,NEW YORK KNICKS,94,GOLDEN STATE WARRIORS,97
2025-03-16 00:30:00+00:00,NEW ORLEANS PELICANS,115,SAN ANTONIO SPURS,119
2025-03-16 01:00:00+00:00,WASHINGTON WIZARDS,126,DENVER NUGGETS,123
2025-03-16 17:00:00+00:00,ORLANDO MAGIC,108,CLEVELAND CAVALIERS,103
2025-03-16 17:00:00+00:00,PHILADELPHIA 76ERS,130,DALLAS MAVERICKS,125
2025-03-16 19:30:00+00:00,PHOENIX SUNS,96,LOS ANGELES LAKERS,107
2025-03-16 22:00:00+00:00,ATLANTA HAWKS,114,BROOKLYN NETS,122
2025-03-16 22:00:00+00:00,TORONTO RAPTORS,102,PORTLAND TRAIL BLAZERS,105
2025-03-16 23:00:00+00:00,CHARLOTTE HORNETS,88,LOS ANGELES CLIPPERS,123
2025-03-16 23:00:00+00:00,UTAH JAZZ,102,MINNESOTA TIMBERWOLVES,128
2025-03-17 01:00:00+00:00,OKLAHOMA CITY THUNDER,121,MILWAUKEE BUCKS,105
2025-03-17 23:30:00+00:00,MIAMI HEAT,95,NEW YORK KNICKS,116
2025-03-18 00:00:00+00:00,PHILADELPHIA 76ERS,137,HOUSTON ROCKETS,144
2025-03-18 00:00:00+00:00,INDIANA PACERS,132,MINNESOTA TIMBERWOLVES,130
2025-03-18 00:00:00+00:00,DETROIT PISTONS,127,NEW ORLEANS PELICANS,81
2025-03-18 01:00:00+00:00,CHICAGO BULLS,111,UTAH JAZZ,97
2025-03-18 02:00:00+00:00,DENVER NUGGETS,114,GOLDEN STATE WARRIORS,105
2025-03-18 02:00:00+00:00,TORONTO RAPTORS,89,PHOENIX SUNS,129
2025-03-18 02:00:00+00:00,WASHINGTON WIZARDS,97,PORTLAND TRAIL BLAZERS,112
2025-03-18 02:00:00+00:00,MEMPHIS GRIZZLIES,122,SACRAMENTO KINGS,132
2025-03-18 02:30:00+00:00,SAN ANTONIO SPURS,109,LOS ANGELES LAKERS,125
2025-03-18 23:00:00+00:00,ATLANTA HAWKS,134,CHARLOTTE HORNETS,102
2025-03-18 23:30:00+00:00,BROOKLYN NETS,96,BOSTON CELTICS,104
2025-03-19 02:00:00+00:00,MILWAUKEE BUCKS,93,GOLDEN STATE WARRIORS,104
2025-03-19 02:30:00+00:00,CLEVELAND CAVALIERS,119,LOS ANGELES CLIPPERS,132
2025-03-19 23:00:00+00:00,DALLAS MAVERICKS,131,INDIANA PACERS,135
2025-03-19 23:00:00+00:00,HOUSTON ROCKETS,116,ORLANDO MAGIC,108
2025-03-19 23:30:00+00:00,DETROIT PISTONS,116,MIAMI HEAT,113
2025-03-20 00:00:00+00:00,NEW ORLEANS PELICANS,119,MINNESOTA TIMBERWOLVES,115
2025-03-20 00:00:00+00:00,PHILADELPHIA 76ERS,100,OKLAHOMA CITY THUNDER,133
2025-03-20 00:00:00+00:00,NEW YORK KNICKS,105,SAN ANTONIO SPURS,120
2025-03-20 01:00:00+00:00,WASHINGTON WIZARDS,112,UTAH JAZZ,128
2025-03-20 02:00:00+00:00,DENVER NUGGETS,108,LOS ANGELES LAKERS,120
2025-03-20 02:00:00+00:00,CHICAGO BULLS,121,PHOENIX SUNS,127
2025-03-20 02:00:00+00:00,MEMPHIS GRIZZLIES,99,PORTLAND TRAIL BLAZERS,115
2025-03-20 02:00:00+00:00,CLEVELAND CAVALIERS,119,SACRAMENTO KINGS,123
2025-03-20 23:00:00+00:00,NEW YORK KNICKS,98,CHARLOTTE HORNETS,115
2025-03-20 23:00:00+00:00,BROOKLYN NETS,99,INDIANA PACERS,105
2025-03-21 02:00:00+00:00,TORONTO RAPTORS,114,GOLDEN STATE WARRIORS,117
2025-03-21 02:00:00+00:00,CHICAGO BULLS,128,SACRAMENTO KINGS,116
2025-03-21 02:30:00+00:00,MILWAUKEE BUCKS,118,LOS ANGELES LAKERS,89
2025-03-21 23:00:00+00:00,ORLANDO MAGIC,120,WASHINGTON WIZARDS,105
2025-03-22 00:00:00+00:00,HOUSTON ROCKETS,102,MIAMI HEAT,98
2025-03-22 00:00:00+00:00,NEW ORLEANS PELICANS,93,MINNESOTA TIMBERWOLVES,134
2025-03-22 00:00:00+00:00,CHARLOTTE HORNETS,106,OKLAHOMA CITY THUNDER,141
2025-03-22 00:00:00+00:00,PHILADELPHIA 76ERS,120,SAN ANTONIO SPURS,128
2025-03-22 00:30:00+00:00,DETROIT PISTONS,117,DALLAS MAVERICKS,123
2025-03-22 01:30:00+00:00,BOSTON CELTICS,121,UTAH JAZZ,99
2025-03-22 02:00:00+00:00,CLEVELAND CAVALIERS,112,PHOENIX SUNS,123
2025-03-22 02:00:00+00:00,DENVER NUGGETS,109,PORTLAND TRAIL BLAZERS,128
2025-03-22 02:30:00+00:00,MEMPHIS GRIZZLIES,108,LOS ANGELES CLIPPERS,128
2025-03-22 21:00:00+00:00,BROOKLYN NETS,103,INDIANA PACERS,108
2025-03-22 23:00:00+00:00,GOLDEN STATE WARRIORS,115,ATLANTA HAWKS,124
2025-03-23 00:00:00+00:00,WASHINGTON WIZARDS,103,NEW YORK KNICKS,122
2025-03-23 02:00:00+00:00,MILWAUKEE BUCKS,114,SACRAMENTO KINGS,108
2025-03-23 02:30:00+00:00,CHICAGO BULLS,146,LOS ANGELES LAKERS,115
2025-03-23 19:00:00+00:00,NEW ORLEANS PELICANS,130,DETROIT PISTONS,136
2025-03-23 19:30:00+00:00,CLEVELAND CAVALIERS,120,UTAH JAZZ,91
2025-03-23 22:00:00+00:00,PHILADELPHIA 76ERS,119,ATLANTA HAWKS,132
2025-03-23 22:00:00+00:00,CHARLOTTE HORNETS,105,MIAMI HEAT,122
2025-03-23 22:00:00+00:00,BOSTON CELTICS,129,PORTLAND TRAIL BLAZERS,116
2025-03-23 22:00:00+00:00,SAN ANTONIO SPURS,123,TORONTO RAPTORS,89
2025-03-23 23:00:00+00:00,DENVER NUGGETS,116,HOUSTON ROCKETS,111
2025-03-24 01:00:00+00:00,OKLAHOMA CITY THUNDER,103,LOS ANGELES CLIPPERS,101
2025-03-24 23:00:00+00:00,MINNESOTA TIMBERWOLVES,103,INDIANA PACERS,119
2025-03-24 23:00:00+00:00,LOS ANGELES LAKERS,106,ORLANDO MAGIC,118
2025-03-24 23:00:00+00:00,TORONTO RAPTORS,112,WASHINGTON WIZARDS,104
2025-03-24 23:30:00+00:00,DALLAS MAVERICKS,120,BROOKLYN NETS,101
2025-03-25 00:00:00+00:00,PHILADELPHIA 76ERS,99,NEW ORLEANS PELICANS,112
2025-03-25 01:00:00+00:00,CHICAGO BULLS,129,DENVER NUGGETS,119
2025-03-25 02:00:00+00:00,MILWAUKEE BUCKS,106,PHOENIX SUNS,108
2025-03-25 02:00:00+00:00,BOSTON CELTICS,113,SACRAMENTO KINGS,95
2025-03-25 23:00:00+00:00,ORLANDO MAGIC,111,CHARLOTTE HORNETS,104
2025-03-25 23:00:00+00:00,SAN ANTONIO SPURS,96,DETROIT PISTONS,122
2025-03-25 23:30:00+00:00,GOLDEN STATE WARRIORS,86,MIAMI HEAT,112
2025-03-25 23:30:00+00:00,DALLAS MAVERICKS,113,NEW YORK KNICKS,128
2025-03-26 00:00:00+00:00,ATLANTA HAWKS,114,HOUSTON ROCKETS,121
2025-03-26 01:00:00+00:00,MEMPHIS GRIZZLIES,140,UTAH JAZZ,103
2025-03-26 02:00:00+00:00,CLEVELAND CAVALIERS,122,PORTLAND TRAIL BLAZERS,111
2025-03-26 02:00:00+00:00,OKLAHOMA CITY THUNDER,121,SACRAMENTO KINGS,105
2025-03-26 23:00:00+00:00,WASHINGTON WIZARDS,119,PHILADELPHIA 76ERS,114
2025-03-26 23:30:00+00:00,TORONTO RAPTORS,116,BROOKLYN NETS,86
2025-03-26 23:30:00+00:00,LOS ANGELES LAKERS,120,INDIANA PACERS,119
2025-03-26 23:30:00+00:00,LOS ANGELES CLIPPERS,126,NEW YORK KNICKS,113
2025-03-27 01:00:00+00:00,MILWAUKEE BUCKS,117,DENVER NUGGETS,127
2025-03-27 02:00:00+00:00,BOSTON CELTICS,132,PHOENIX SUNS,102
2025-03-27 23:00:00+00:00,SAN ANTONIO SPURS,116,CLEVELAND CAVALIERS,124
2025-03-27 23:00:00+00:00,DALLAS MAVERICKS,101,ORLANDO MAGIC,92
2025-03-27 23:00:00+00:00,INDIANA PACERS,162,WASHINGTON WIZARDS,109
2025-03-27 23:30:00+00:00,ATLANTA HAWKS,112,MIAMI HEAT,122
2025-03-28 00:00:00+00:00,LOS ANGELES LAKERS,117,CHICAGO BULLS,119
2025-03-28 00:00:00+00:00,MEMPHIS GRIZZLIES,104,OKLAHOMA CITY THUNDER,125
2025-03-28 01:00:00+00:00,HOUSTON ROCKETS,121,UTAH JAZZ,110
2025-03-28 02:00:00+00:00,PORTLAND TRAIL BLAZERS,107,SACRAMENTO KINGS,128
2025-03-28 23:00:00+00:00,CLEVELAND CAVALIERS,122,DETROIT PISTONS,133
2025-03-28 23:30:00+00:00,LOS ANGELES CLIPPERS,132,BROOKLYN NETS,100
2025-03-28 23:30:00+00:00,CHARLOTTE HORNETS,97,TORONTO RAPTORS,108
2025-03-29 00:00:00+00:00,NEW YORK KNICKS,116,MILWAUKEE BUCKS,107
2025-03-29 00:00:00+00:00,PHOENIX SUNS,109,MINNESOTA TIMBERWOLVES,124
2025-03-29 00:00:00+00:00,GOLDEN STATE WARRIORS,111,NEW ORLEANS PELICANS,95
2025-03-29 01:00:00+00:00,UTAH JAZZ,93,DENVER NUGGETS,129
2025-03-29 21:00:00+00:00,SACRAMENTO KINGS,91,ORLANDO MAGIC,121
2025-03-29 23:00:00+00:00,BROOKLYN NETS,115,WASHINGTON WIZARDS,112
2025-03-29 23:30:00+00:00,MIAMI HEAT,118,PHILADELPHIA 76ERS,95
2025-03-30 00:00:00+00:00,DALLAS MAVERICKS,120,CHICAGO BULLS,119
2025-03-30 00:00:00+00:00,LOS ANGELES LAKERS,134,MEMPHIS GRIZZLIES,127
2025-03-30 00:00:00+00:00,INDIANA PACERS,111,OKLAHOMA CITY THUNDER,132
2025-03-30 00:00:00+00:00,BOSTON CELTICS,121,SAN ANTONIO SPURS,111
2025-03-30 19:30:00+00:00,LOS ANGELES CLIPPERS,122,CLEVELAND CAVALIERS,127
2025-03-30 22:00:00+00:00,PORTLAND TRAIL BLAZERS,93,NEW YORK KNICKS,110
2025-03-30 23:00:00+00:00,ATLANTA HAWKS,145,MILWAUKEE BUCKS,124
2025-03-30 23:00:00+00:00,DETROIT PISTONS,104,MINNESOTA TIMBERWOLVES,123
2025-03-30 23:00:00+00:00,CHARLOTTE HORNETS,94,NEW ORLEANS PELICANS,98
2025-03-30 23:00:00+00:00,GOLDEN STATE WARRIORS,148,SAN ANTONIO SPURS,106
2025-03-30 23:30:00+00:00,TORONTO RAPTORS,127,PHILADELPHIA 76ERS,109
2025-03-31 01:00:00+00:00,HOUSTON ROCKETS,148,PHOENIX SUNS,109
2025-03-31 23:00:00+00:00,UTAH JAZZ,106,CHARLOTTE HORNETS,110
2025-03-31 23:00:00+00:00,SACRAMENTO KINGS,109,INDIANA PACERS,111
2025-03-31 23:00:00+00:00,LOS ANGELES CLIPPERS,96,ORLANDO MAGIC,87
2025-03-31 23:00:00+00:00,MIAMI HEAT,120,WASHINGTON WIZARDS,94
2025-03-31 23:30:00+00:00,BOSTON CELTICS,117,MEMPHIS GRIZZLIES,103
2025-04-01 00:00:00+00:00,CHICAGO BULLS,117,OKLAHOMA CITY THUNDER,145
2025-04-01 00:30:00+00:00,BROOKLYN NETS,113,DALLAS MAVERICKS,109
2025-04-01 02:00:00+00:00,HOUSTON ROCKETS,98,LOS ANGELES LAKERS,104
2025-04-01 23:30:00+00:00,PORTLAND TRAIL BLAZERS,127,ATLANTA HAWKS,113
2025-04-01 23:30:00+00:00,PHOENIX SUNS,123,MILWAUKEE BUCKS,133
2025-04-01 23:30:00+00:00,PHILADELPHIA 76ERS,91,NEW YORK KNICKS,105
2025-04-02 00:00:00+00:00,TORONTO RAPTORS,118,CHICAGO BULLS,137
2025-04-02 00:00:00+00:00,GOLDEN STATE WARRIORS,134,MEMPHIS GRIZZLIES,125
2025-04-02 00:00:00+00:00,ORLANDO MAGIC,116,SAN ANTONIO SPURS,105
2025-04-02 02:00:00+00:00,MINNESOTA TIMBERWOLVES,140,DENVER NUGGETS,139
2025-04-02 23:00:00+00:00,NEW YORK KNICKS,105,CLEVELAND CAVALIERS,124
2025-04-02 23:00:00+00:00,CHARLOTTE HORNETS,105,INDIANA PACERS,119
2025-04-02 23:00:00+00:00,SACRAMENTO KINGS,111,WASHINGTON WIZARDS,116
2025-04-02 23:30:00+00:00,MIAMI HEAT,124,BOSTON CELTICS,103
2025-04-03 00:00:00+00:00,UTAH JAZZ,105,HOUSTON ROCKETS,143
2025-04-03 00:30:00+00:00,ATLANTA HAWKS,118,DALLAS MAVERICKS,120
2025-04-03 01:00:00+00:00,SAN ANTONIO SPURS,113,DENVER NUGGETS,106
2025-04-03 01:30:00+00:00,DETROIT PISTONS,103,OKLAHOMA CITY THUNDER,119
2025-04-03 02:30:00+00:00,NEW ORLEANS PELICANS,98,LOS ANGELES CLIPPERS,114
2025-04-03 23:00:00+00:00,MILWAUKEE BUCKS,126,PHILADELPHIA 76ERS,113
2025-04-03 23:00:00+00:00,ORLANDO MAGIC,109,WASHINGTON WIZARDS,97
2025-04-03 23:30:00+00:00,MINNESOTA TIMBERWOLVES,105,BROOKLYN NETS,90
2025-04-03 23:30:00+00:00,MEMPHIS GRIZZLIES,110,MIAMI HEAT,108
2025-04-03 23:30:00+00:00,PORTLAND TRAIL BLAZERS,112,TORONTO RAPTORS,103
2025-04-04 02:00:00+00:00,GOLDEN STATE WARRIORS,123,LOS ANGELES LAKERS,116
2025-04-04 23:00:00+00:00,SACRAMENTO KINGS,125,CHARLOTTE HORNETS,102
2025-04-04 23:00:00+00:00,UTAH JAZZ,112,INDIANA PACERS,140
2025-04-04 23:30:00+00:00,PHOENIX SUNS,103,BOSTON CELTICS,123
2025-04-04 23:30:00+00:00,DETROIT PISTONS,117,TORONTO RAPTORS,105
2025-04-05 00:00:00+00:00,PORTLAND TRAIL BLAZERS,113,CHICAGO BULLS,118
2025-04-05 00:00:00+00:00,OKLAHOMA CITY THUNDER,111,HOUSTON ROCKETS,125
2025-04-05 00:00:00+00:00,CLEVELAND CAVALIERS,114,SAN ANTONIO SPURS,113
2025-04-05 02:00:00+00:00,DENVER NUGGETS,104,GOLDEN STATE WARRIORS,118
2025-04-05 02:30:00+00:00,DALLAS MAVERICKS,91,LOS ANGELES CLIPPERS,114
2025-04-05 02:30:00+00:00,NEW ORLEANS PELICANS,108,LOS ANGELES LAKERS,124
2025-04-05 19:00:00+00:00,NEW YORK KNICKS,121,ATLANTA HAWKS,105
2025-04-05 23:00:00+00:00,MEMPHIS GRIZZLIES,109,DETROIT PISTONS,103
2025-04-05 23:00:00+00:00,MINNESOTA TIMBERWOLVES,114,PHILADELPHIA 76ERS,109
2025-04-06 00:00:00+00:00,MILWAUKEE BUCKS,121,MIAMI HEAT,115
2025-04-06 02:30:00+00:00,DALLAS MAVERICKS,104,LOS ANGELES CLIPPERS,135
2025-04-06 17:00:00+00:00,CHICAGO BULLS,131,CHARLOTTE HORNETS,117
2025-04-06 19:30:00+00:00,TORONTO RAPTORS,120,BROOKLYN NETS,109
2025-04-06 19:30:00+00:00,LOS ANGELES LAKERS,126,OKLAHOMA CITY THUNDER,99
2025-04-06 22:00:00+00:00,UTAH JAZZ,134,ATLANTA HAWKS,147
2025-04-06 22:00:00+00:00,WASHINGTON WIZARDS,90,BOSTON CELTICS,124
2025-04-06 22:00:00+00:00,SACRAMENTO KINGS,120,CLEVELAND CAVALIERS,113
2025-04-06 22:00:00+00:00,SAN ANTONIO SPURS,109,PORTLAND TRAIL BLAZERS,120
2025-04-06 23:00:00+00:00,PHOENIX SUNS,98,NEW YORK KNICKS,112
2025-04-07 00:00:00+00:00,INDIANA PACERS,125,DENVER NUGGETS,120
2025-04-07 00:30:00+00:00,HOUSTON ROCKETS,106,GOLDEN STATE WARRIORS,96
2025-04-07 00:30:00+00:00,MILWAUKEE BUCKS,111,NEW ORLEANS PELICANS,107
2025-04-07 23:00:00+00:00,SACRAMENTO KINGS,127,DETROIT PISTONS,117
2025-04-07 23:30:00+00:00,PHILADELPHIA 76ERS,105,MIAMI HEAT,117
2025-04-08 23:00:00+00:00,MEMPHIS GRIZZLIES,124,CHARLOTTE HORNETS,100
2025-04-08 23:00:00+00:00,CHICAGO BULLS,113,CLEVELAND CAVALIERS,135
2025-04-08 23:00:00+00:00,WASHINGTON WIZARDS,98,INDIANA PACERS,104
2025-04-08 23:00:00+00:00,ATLANTA HAWKS,112,ORLANDO MAGIC,119
2025-04-08 23:30:00+00:00,NEW ORLEANS PELICANS,114,BROOKLYN NETS,119
2025-04-08 23:30:00+00:00,BOSTON CELTICS,119,NEW YORK KNICKS,117
2025-04-09 00:00:00+00:00,MINNESOTA TIMBERWOLVES,103,MILWAUKEE BUCKS,110
2025-04-09 00:00:00+00:00,LOS ANGELES LAKERS,120,OKLAHOMA CITY THUNDER,136
2025-04-09 02:00:00+00:00,GOLDEN STATE WARRIORS,133,PHOENIX SUNS,95
2025-04-09 02:30:00+00:00,SAN ANTONIO SPURS,117,LOS ANGELES CLIPPERS,122
2025-04-09 23:00:00+00:00,BOSTON CELTICS,76,ORLANDO MAGIC,96
2025-04-09 23:00:00+00:00,PHILADELPHIA 76ERS,122,WASHINGTON WIZARDS,103
2025-04-09 23:30:00+00:00,LOS ANGELES LAKERS,112,DALLAS MAVERICKS,97
2025-04-09 23:30:00+00:00,CHARLOTTE HORNETS,96,TORONTO RAPTORS,126
2025-04-10 00:00:00+00:00,MIAMI HEAT,111,CHICAGO BULLS,119
2025-04-10 01:00:00+00:00,PORTLAND TRAIL BLAZERS,126,UTAH JAZZ,133
2025-04-10 02:00:00+00:00,SAN ANTONIO SPURS,114,GOLDEN STATE WARRIORS,111
2025-04-10 02:00:00+00:00,OKLAHOMA CITY THUNDER,125,PHOENIX SUNS,112
2025-04-10 02:00:00+00:00,DENVER NUGGETS,124,SACRAMENTO KINGS,116
2025-04-10 02:30:00+00:00,HOUSTON ROCKETS,117,LOS ANGELES CLIPPERS,134
2025-04-10 23:00:00+00:00,NEW YORK KNICKS,106,DETROIT PISTONS,115
2025-04-10 23:00:00+00:00,CLEVELAND CAVALIERS,112,INDIANA PACERS,114
2025-04-10 23:30:00+00:00,ATLANTA HAWKS,133,BROOKLYN NETS,109
2025-04-11 00:00:00+00:00,NEW ORLEANS PELICANS,111,MILWAUKEE BUCKS,136
2025-04-11 01:30:00+00:00,MINNESOTA TIMBERWOLVES,141,MEMPHIS GRIZZLIES,125
2025-04-11 23:00:00+00:00,MILWAUKEE BUCKS,125,DETROIT PISTONS,119
2025-04-11 23:00:00+00:00,ORLANDO MAGIC,129,INDIANA PACERS,115
2025-04-11 23:00:00+00:00,ATLANTA HAWKS,124,PHILADELPHIA 76ERS,110
2025-04-11 23:30:00+00:00,CHARLOTTE HORNETS,94,BOSTON CELTICS,130
2025-04-11 23:30:00+00:00,CLEVELAND CAVALIERS,108,NEW YORK KNICKS,102
2025-04-12 00:00:00+00:00,WASHINGTON WIZARDS,89,CHICAGO BULLS,119
2025-04-12 00:00:00+00:00,MIAMI HEAT,153,NEW ORLEANS PELICANS,104
2025-04-12 00:30:00+00:00,TORONTO RAPTORS,102,DALLAS MAVERICKS,124
2025-04-12 01:00:00+00:00,MEMPHIS GRIZZLIES,109,DENVER NUGGETS,117
2025-04-12 01:00:00+00:00,BROOKLYN NETS,91,MINNESOTA TIMBERWOLVES,117
2025-04-12 01:30:00+00:00,OKLAHOMA CITY THUNDER,145,UTAH JAZZ,111
2025-04-12 02:00:00+00:00,SAN ANTONIO SPURS,98,PHOENIX SUNS,117
2025-04-12 02:00:00+00:00,GOLDEN STATE WARRIORS,103,PORTLAND TRAIL BLAZERS,86
2025-04-12 02:00:00+00:00,LOS ANGELES CLIPPERS,101,SACRAMENTO KINGS,100
2025-04-12 02:30:00+00:00,HOUSTON ROCKETS,109,LOS ANGELES LAKERS,140
2025-04-13 17:00:00+00:00,ORLANDO MAGIC,105,ATLANTA HAWKS,117
2025-04-13 17:00:00+00:00,CHARLOTTE HORNETS,86,BOSTON CELTICS,93
2025-04-13 17:00:00+00:00,NEW YORK KNICKS,113,BROOKLYN NETS,105
2025-04-13 17:00:00+00:00,INDIANA PACERS,126,CLEVELAND CAVALIERS,118
2025-04-13 17:00:00+00:00,WASHINGTON WIZARDS,119,MIAMI HEAT,118
2025-04-13 17:00:00+00:00,DETROIT PISTONS,133,MILWAUKEE BUCKS,140
2025-04-13 17:00:00+00:00,CHICAGO BULLS,122,PHILADELPHIA 76ERS,102
2025-04-13 19:30:00+00:00,LOS ANGELES CLIPPERS,124,GOLDEN STATE WARRIORS,119
2025-04-13 19:30:00+00:00,DENVER NUGGETS,126,HOUSTON ROCKETS,111
2025-04-13 19:30:00+00:00,DALLAS MAVERICKS,97,MEMPHIS GRIZZLIES,132
2025-04-13 19:30:00+00:00,UTAH JAZZ,105,MINNESOTA TIMBERWOLVES,116
2025-04-13 19:30:00+00:00,OKLAHOMA CITY THUNDER,115,NEW ORLEANS PELICANS,100
2025-04-13 19:30:00+00:00,LOS ANGELES LAKERS,81,PORTLAND TRAIL BLAZERS,109
2025-04-13 19:30:00+00:00,PHOENIX SUNS,98,SACRAMENTO KINGS,109
2025-04-13 19:30:00+00:00,TORONTO RAPTORS,118,SAN ANTONIO SPURS,125
2025-04-15 23:30:00+00:00,ATLANTA HAWKS,95,ORLANDO MAGIC,120
2025-04-16 02:00:00+00:00,MEMPHIS GRIZZLIES,116,GOLDEN STATE WARRIORS,121
2025-04-16 23:30:00+00:00,MIAMI HEAT,109,CHICAGO BULLS,90
2025-04-17 02:00:00+00:00,DALLAS MAVERICKS,120,SACRAMENTO KINGS,106
2025-04-18 23:00:00+00:00,MIAMI HEAT,123,ATLANTA HAWKS,114
2025-04-19 01:30:00+00:00,DALLAS MAVERICKS,106,MEMPHIS GRIZZLIES,120
2025-04-19 17:00:00+00:00,MILWAUKEE BUCKS,98,INDIANA PACERS,117
2025-04-19 19:30:00+00:00,LOS ANGELES CLIPPERS,110,DENVER NUGGETS,112
2025-04-19 22:00:00+00:00,DETROIT PISTONS,112,NEW YORK KNICKS,123
2025-04-20 00:30:00+00:00,MINNESOTA TIMBERWOLVES,117,LOS ANGELES LAKERS,95
2025-04-20 17:00:00+00:00,MEMPHIS GRIZZLIES,80,OKLAHOMA CITY THUNDER,131
2025-04-20 19:30:00+00:00,ORLANDO MAGIC,86,BOSTON CELTICS,103
2025-04-20 23:00:00+00:00,MIAMI HEAT,100,CLEVELAND CAVALIERS,121
2025-04-21 01:30:00+00:00,GOLDEN STATE WARRIORS,95,HOUSTON ROCKETS,85
2025-04-21 23:30:00+00:00,DETROIT PISTONS,100,NEW YORK KNICKS,94
2025-04-22 02:00:00+00:00,LOS ANGELES CLIPPERS,105,DENVER NUGGETS,102
2025-04-22 23:00:00+00:00,MILWAUKEE BUCKS,115,INDIANA PACERS,123
2025-04-22 23:30:00+00:00,MEMPHIS GRIZZLIES,99,OKLAHOMA CITY THUNDER,118
2025-04-23 02:00:00+00:00,MINNESOTA TIMBERWOLVES,85,LOS ANGELES LAKERS,94
2025-04-23 23:00:00+00:00,ORLANDO MAGIC,100,BOSTON CELTICS,109
2025-04-23 23:30:00+00:00,MIAMI HEAT,112,CLEVELAND CAVALIERS,121
2025-04-24 01:30:00+00:00,GOLDEN STATE WARRIORS,94,HOUSTON ROCKETS,109
2025-04-24 23:00:00+00:00,NEW YORK KNICKS,118,DETROIT PISTONS,116
2025-04-25 01:30:00+00:00,OKLAHOMA CITY THUNDER,114,MEMPHIS GRIZZLIES,108
2025-04-25 02:00:00+00:00,DENVER NUGGETS,83,LOS ANGELES CLIPPERS,117
2025-04-25 23:00:00+00:00,BOSTON CELTICS,93,ORLANDO MAGIC,95
2025-04-26 00:00:00+00:00,INDIANA PACERS,101,MILWAUKEE BUCKS,117
2025-04-26 01:30:00+00:00,LOS ANGELES LAKERS,104,MINNESOTA TIMBERWOLVES,116
2025-04-26 17:00:00+00:00,CLEVELAND CAVALIERS,124,MIAMI HEAT,87
2025-04-26 19:30:00+00:00,OKLAHOMA CITY THUNDER,117,MEMPHIS GRIZZLIES,115
2025-04-26 22:00:00+00:00,DENVER NUGGETS,101,LOS ANGELES CLIPPERS,99
2025-04-27 00:30:00+00:00,HOUSTON ROCKETS,93,GOLDEN STATE WARRIORS,104
2025-04-27 17:00:00+00:00,NEW YORK KNICKS,94,DETROIT PISTONS,93
2025-04-27 19:30:00+00:00,LOS ANGELES LAKERS,113,MINNESOTA TIMBERWOLVES,116
2025-04-27 23:00:00+00:00,BOSTON CELTICS,107,ORLANDO MAGIC,98
2025-04-28 01:30:00+00:00,INDIANA PACERS,129,MILWAUKEE BUCKS,103
2025-04-28 23:30:00+00:00,CLEVELAND CAVALIERS,138,MIAMI HEAT,83
2025-04-29 02:00:00+00:00,HOUSTON ROCKETS,106,GOLDEN STATE WARRIORS,109
2025-04-29 22:00:00+00:00,MILWAUKEE BUCKS,118,INDIANA PACERS,119
2025-04-29 23:30:00+00:00,DETROIT PISTONS,106,NEW YORK KNICKS,103
2025-04-30 00:30:00+00:00,ORLANDO MAGIC,89,BOSTON CELTICS,120
2025-04-30 02:00:00+00:00,LOS ANGELES CLIPPERS,115,DENVER NUGGETS,131
2025-04-30 23:30:00+00:00,GOLDEN STATE WARRIORS,116,HOUSTON ROCKETS,131
2025-05-01 02:00:00+00:00,MINNESOTA TIMBERWOLVES,103,LOS ANGELES LAKERS,96
2025-05-01 23:30:00+00:00,NEW YORK KNICKS,116,DETROIT PISTONS,113
2025-05-02 02:00:00+00:00,DENVER NUGGETS,105,LOS ANGELES CLIPPERS,111
2025-05-03 01:00:00+00:00,HOUSTON ROCKETS,115,GOLDEN STATE WARRIORS,107
2025-05-03 23:30:00+00:00,LOS ANGELES CLIPPERS,101,DENVER NUGGETS,120
2025-05-04 22:00:00+00:00,INDIANA PACERS,121,CLEVELAND CAVALIERS,112
2025-05-05 00:30:00+00:00,GOLDEN STATE WARRIORS,103,HOUSTON ROCKETS,89
2025-05-05 23:00:00+00:00,NEW YORK KNICKS,108,BOSTON CELTICS,105
2025-05-06 01:30:00+00:00,DENVER NUGGETS,121,OKLAHOMA CITY THUNDER,119
2025-05-06 23:00:00+00:00,INDIANA PACERS,120,CLEVELAND CAVALIERS,119
2025-05-07 01:30:00+00:00,GOLDEN STATE WARRIORS,99,MINNESOTA TIMBERWOLVES,88
2025-05-07 23:00:00+00:00,NEW YORK KNICKS,91,BOSTON CELTICS,90
2025-05-08 01:30:00+00:00,DENVER NUGGETS,106,OKLAHOMA CITY THUNDER,149
2025-05-09 00:30:00+00:00,GOLDEN STATE WARRIORS,93,MINNESOTA TIMBERWOLVES,117
2025-05-09 23:30:00+00:00,CLEVELAND CAVALIERS,126,INDIANA PACERS,104
2025-05-10 02:00:00+00:00,OKLAHOMA CITY THUNDER,104,DENVER NUGGETS,113
2025-05-10 19:30:00+00:00,BOSTON CELTICS,115,NEW YORK KNICKS,93
2025-05-11 00:30:00+00:00,MINNESOTA TIMBERWOLVES,102,GOLDEN STATE WARRIORS,97
2025-05-11 19:30:00+00:00,OKLAHOMA CITY THUNDER,92,DENVER NUGGETS,87
2025-05-12 00:00:00+00:00,CLEVELAND CAVALIERS,109,INDIANA PACERS,129
2025-05-12 23:30:00+00:00,BOSTON CELTICS,113,NEW YORK KNICKS,121
2025-05-13 02:00:00+00:00,MINNESOTA TIMBERWOLVES,117,GOLDEN STATE WARRIORS,110
2025-05-13 23:00:00+00:00,INDIANA PACERS,114,CLEVELAND CAVALIERS,105
2025-05-14 01:30:00+00:00,DENVER NUGGETS,105,OKLAHOMA CITY THUNDER,112
2025-05-14 23:00:00+00:00,NEW YORK KNICKS,102,BOSTON CELTICS,127
2025-05-15 01:30:00+00:00,GOLDEN STATE WARRIORS,110,MINNESOTA TIMBERWOLVES,121
2025-05-16 00:30:00+00:00,OKLAHOMA CITY THUNDER,107,DENVER NUGGETS,119
2025-05-17 00:00:00+00:00,BOSTON CELTICS,81,NEW YORK KNICKS,119
2025-05-18 19:30:00+00:00,DENVER NUGGETS,93,OKLAHOMA CITY THUNDER,125
2025-05-21 00:30:00+00:00,MINNESOTA TIMBERWOLVES,88,OKLAHOMA CITY THUNDER,114
2025-05-22 00:00:00+00:00,INDIANA PACERS,138,NEW YORK KNICKS,135
2025-05-23 00:30:00+00:00,MINNESOTA TIMBERWOLVES,103,OKLAHOMA CITY THUNDER,118
2025-05-24 00:00:00+00:00,INDIANA PACERS,114,NEW YORK KNICKS,109
2025-05-25 00:30:00+00:00,OKLAHOMA CITY THUNDER,101,MINNESOTA TIMBERWOLVES,143
2025-05-26 00:00:00+00:00,NEW YORK KNICKS,106,INDIANA PACERS,100
2025-05-27 00:30:00+00:00,OKLAHOMA CITY THUNDER,128,MINNESOTA TIMBERWOLVES,126
2025-05-28 00:00:00+00:00,NEW YORK KNICKS,121,INDIANA PACERS,130
2025-05-29 00:30:00+00:00,MINNESOTA TIMBERWOLVES,94,OKLAHOMA CITY THUNDER,124
2025-05-30 00:00:00+00:00,INDIANA PACERS,94,NEW YORK KNICKS,111
2025-06-01 00:00:00+00:00,NEW YORK KNICKS,108,INDIANA PACERS,125
2025-06-06 00:30:00+00:00,INDIANA PACERS,,OKLAHOMA CITY THUNDER,
2025-06-09 00:00:00+00:00,INDIANA PACERS,,OKLAHOMA CITY THUNDER,
2025-06-12 00:30:00+00:00,OKLAHOMA CITY THUNDER,,INDIANA PACERS,
2025-06-14 00:30:00+00:00,OKLAHOMA CITY THUNDER,,INDIANA PACERS,
2025-06-16 04:00:00+00:00,INDIANA PACERS,,OKLAHOMA CITY THUNDER,
2025-06-19 04:00:00+00:00,OKLAHOMA CITY THUNDER,,INDIANA PACERS,
2025-06-22 04:00:00+00:00,INDIANA PACERS,,OKLAHOMA CITY THUNDER,
